<?xml version="1.0" encoding="utf-8"?>
<resources xmlns:tools="http://schemas.android.com/tools">

    <style name="VideoChatTheme" parent="AppTheme.Base">
        <item name="colorAccent">@color/color_blue_accent</item>
        <item name="colorControlActivated">@color/color_blue_accent</item>
        <item name="colorControlHighlight">@color/color_blue_accent</item>
        <item name="colorControlNormal">@color/color_blue_accent</item>
    </style>

    <style name="AppTheme" parent="Theme.MaterialComponents.Light.NoActionBar.Bridge" >
        <item name="colorPrimary">@color/colorPrimary</item>
        <item name="colorPrimaryDark">@color/colorPrimaryDark</item>
        <item name="colorAccent">@color/colorAccent</item>
    </style>


    <style name="AppThemeNoAction" parent="Theme.AppCompat.Light.NoActionBar">
        <!-- Customize your theme here. -->
        <item name="colorPrimary">@color/colorPrimary</item>
        <item name="colorPrimaryDark">@color/colorPrimaryDark</item>
        <item name="colorAccent">@color/colorAccent</item>
    </style>

    <!-- Base application theme. -->
    <style name="AppTheme.Base" parent="Theme.AppCompat.Light">
        <item name="colorControlActivated">@color/color_accent</item>
        <item name="colorControlHighlight">@color/color_accent</item>
        <item name="colorControlNormal">@color/color_accent</item>

        <item name="colorPrimary">@color/color_primary</item>
        <item name="colorPrimaryDark">@color/color_primary_dark</item>
        <item name="colorAccent">@color/color_accent</item>

        <item name="android:windowBackground">@color/background_app_color</item>
    </style>

    <style name="AppTheme.BlueAccent">
        <item name="colorAccent">@color/color_blue_accent</item>
    </style>

    <style name="BaseAppTheme" parent="Theme.AppCompat.Light.NoActionBar">
        <!--<item name="android:windowActionBar">false</item>-->
        <!-- Customize your theme here. -->

        <item name="colorPrimary">@color/color_primary</item>
        <item name="colorPrimaryDark">@color/color_primary_dark</item>

        <item name="android:windowBackground">@color/background_app_color</item>
    </style>

    <style name="MatchParent">
        <item name="android:layout_width">match_parent</item>
        <item name="android:layout_height">match_parent</item>
    </style>

    <style name="MatchWidth">
        <item name="android:layout_width">match_parent</item>
        <item name="android:layout_height">wrap_content</item>
    </style>

    <style name="WrapContent">
        <item name="android:layout_width">wrap_content</item>
        <item name="android:layout_height">wrap_content</item>
    </style>

    <style name="WeightWidth">
        <item name="android:layout_width">0dp</item>
        <item name="android:layout_weight">1</item>
    </style>

    <style name="SplashLogoStyle" parent="WrapContent">
        <item name="android:layout_alignParentBottom">true</item>
        <item name="android:layout_centerHorizontal">true</item>
        <item name="android:src">@drawable/qb_logo</item>
    </style>

    <style name="SplashAppVersionStyle" parent="WrapContent">
        <item name="android:textColor">@color/text_color_light_grey</item>
        <item name="android:textSize">@dimen/splash_version_text_size</item>
        <item name="robotoTypeface">roboto_light</item>
    </style>

    <style name="SplashAppTitleStyle" parent="WrapContent">
        <item name="android:textColor">@color/text_color_black</item>
        <item name="android:textSize">@dimen/splash_main_text_size</item>
        <item name="android:gravity">center</item>
        <item name="android:padding">@dimen/padding_common</item>
        <item name="robotoTypeface">roboto_light</item>
    </style>

    <style name="FabStyle" parent="WrapContent">
        <item name="android:layout_alignParentBottom">true</item>
        <item name="android:layout_alignParentRight">true</item>
        <item name="android:layout_marginBottom">@dimen/fab_margin_bottom</item>
        <item name="android:layout_marginRight">@dimen/fab_margin_right</item>
        <item name="android:layout_gravity">right|bottom</item>
        <item name="borderWidth">0dp</item>
        <item name="fabSize">normal</item>
    </style>

    <style name="ListItem" parent="MatchWidth">
        <item name="android:layout_height">?android:attr/listPreferredItemHeight</item>
        <item name="android:gravity">center_vertical</item>
        <item name="android:orientation">horizontal</item>
    </style>

    <style name="UserTitleStyle" parent="WeightWidth">
        <item name="android:layout_height">wrap_content</item>
        <item name="android:textSize">20sp</item>
    </style>

    <style name="UserCheckboxStyle" parent="WrapContent">
        <item name="android:layout_marginRight">@dimen/list_item_side_margin</item>
        <item name="android:clickable">false</item>
        <item name="android:gravity">right</item>
    </style>

    <style name="ListViewWithoutDividerStyle" parent="MatchParent">
        <item name="android:divider">@null</item>
    </style>

    <style name="ListItemIconStyle">
        <item name="android:layout_width">48dp</item>
        <item name="android:layout_height">48dp</item>
        <item name="android:layout_centerVertical">true</item>
        <item name="android:layout_marginRight">@dimen/list_item_side_margin</item>
        <item name="android:scaleType">centerInside</item>
    </style>

    <style name="UserIconStyle" parent="ListItemIconStyle">
        <item name="android:layout_marginLeft">@dimen/list_item_side_margin</item>
        <item name="android:padding">@dimen/padding_common</item>
    </style>

    <style name="DialogNameStyle" parent="MatchWidth">
        <item name="android:textColor">@color/text_color_primary</item>
        <item name="android:textSize">16sp</item>
        <item name="android:singleLine">true</item>
    </style>

    <style name="CallerAvatar">
        <item name="android:layout_width">@dimen/call_avatar_diameter</item>
        <item name="android:layout_height">@dimen/call_avatar_diameter</item>
        <item name="android:padding">24dp</item>
        <item name="android:src">@drawable/ic_person_big</item>
        <item name="android:scaleType">centerCrop</item>
    </style>

    <style name="RoundedImageButton">
        <item name="android:layout_width">@dimen/call_buttons_diameter</item>
        <item name="android:layout_height">@dimen/call_buttons_diameter</item>
        <item name="android:padding">@dimen/call_buttons_padding</item>
        <item name="android:scaleType">centerCrop</item>
    </style>

    <style name="EndCallImageButton" parent="RoundedImageButton">
        <item name="android:background">@drawable/selector_call_end</item>
        <item name="android:src">@drawable/ic_phone_hangup</item>
    </style>

    <style name="TakeCallImageButton" parent="RoundedImageButton">
        <item name="android:background">@drawable/selector_call_take</item>
    </style>

    <style name="ToolbarStyleCall" parent="Widget.AppCompat.Toolbar">
        <item name="popupTheme">@style/ThemeOverlay.AppCompat</item>
        <item name="theme">@style/ThemeOverlay.AppCompat.ActionBar</item>
    </style>

    <style name="SeekBarPreferenceTitle" parent="WrapContent">
        <item name="android:layout_marginLeft">16dp</item>
        <item name="android:layout_marginTop">16dp</item>
        <item name="android:ellipsize">marquee</item>
        <item name="android:singleLine">true</item>
        <item name="android:textAppearance">?android:attr/textAppearanceLarge</item>
        <item name="android:textColor">?android:attr/textColorPrimary</item>
        <item name="android:textSize">16sp</item>
    </style>


    <style name="CenterProgressBarStyle" parent="@style/Widget.AppCompat.ProgressBar">
        <item name="android:layout_width">wrap_content</item>
        <item name="android:layout_height">wrap_content</item>
        <item name="android:layout_gravity">center</item>
        <item name="android:layout_centerInParent">true</item>
        <item name="android:color">#CA1521</item>
        <item name="android:colorBackground">#CA1521</item>
    </style>
    <style name="BorderlessImageButtonStyle" parent="WrapContent">
        <item name="android:background">@null</item>
        <item name="android:padding">@dimen/padding_common</item>
        <item name="android:scaleType">centerInside</item>
    </style>


    <style name="BottomNavigationTheme" parent="Theme.AppCompat.Light">
        <item name="colorPrimary">@color/color_new_blue</item>
        <item name="android:textColorSecondary">@color/grey</item>
        <item name="android:textSize">11sp</item>
    </style>

    <style name="HorizontalDividerStyle" parent="MatchWidth">
        <item name="android:layout_height">1dp</item>
        <item name="android:background">@color/divider_color</item>
    </style>

    <style name="AppThemeChat" parent="Theme.MaterialComponents.Light">
        <item name="colorPrimary">@color/color_new_blue</item>
        <item name="colorPrimaryDark">@color/color_new_blue</item>
        <item name="android:textColor">@color/dark_gray</item>
        <item name="android:textAllCaps">false</item>
        <item name="android:textColorSecondary">@color/text_color_white_alpha_06</item>
        <item name="android:textColorPrimary">@color/text_color_white</item>
        <item name="colorControlActivated">@color/color_new_blue</item>
        <item name="android:subtitleTextColor" tools:targetApi="m">@color/text_color_white_alpha_06</item>
        <item name="subtitleTextColor">@color/text_color_white_alpha_06</item>
        <item name="colorControlHighlight">@color/white</item>
        <item name="android:backgroundDimAmount">0.1</item>
        <item name="colorControlNormal">@color/color_new_blue</item>
        <item name="android:textColorHighlight">@color/color_text_highlight</item>
        <item name="actionModeStyle">@style/ActionModeStyle</item>
        <item name="actionModeBackground">@color/color_new_blue</item>
        <item name="actionOverflowMenuStyle">@style/ActionOverflowMenu</item>
        <item name="popupMenuStyle">@style/PopupMenuStyle</item>
        <item name="autoCompleteTextViewStyle">@style/SearchAutoCompleteTextView</item>
        <item name="android:navigationBarColor" tools:targetApi="lollipop">@color/color_new_blue</item>
        <!-- To make blue shadows on Android API 28 and higher-->
        <item name="android:spotShadowAlpha" tools:targetApi="lollipop">0.2</item>
        <item name="android:outlineSpotShadowColor" tools:targetApi="p">@color/color_new_blue</item>
    </style>

    <style name="ActionModeSubtitleStyle" parent="TextAppearance.AppCompat.Widget.ActionMode.Subtitle">
        <item name="android:textColor">@color/text_color_white_alpha_06</item>
    </style>

    <style name="ActionModeStyle" parent="Base.Widget.AppCompat.ActionMode">
        <item name="subtitleTextStyle">@style/ActionModeSubtitleStyle</item>
    </style>

    <style name="ActionOverflowMenu" parent="Widget.AppCompat.PopupMenu.Overflow">
        <item name="overlapAnchor">false</item>
    </style>
    <style name="PopupMenuStyle" parent="@style/Widget.AppCompat.PopupMenu">
        <item name="android:dropDownVerticalOffset">-5dp</item>
        <item name="android:dropDownHorizontalOffset">0dp</item>
        <item name="android:backgroundDimAmount">0.5</item>
        <item name="android:popupBackground">@color/color_popup_menu</item>
        <item name="android:backgroundDimEnabled">true</item>
    </style>

    <style name="SearchAutoCompleteTextView" parent="Widget.AppCompat.Light.AutoCompleteTextView">
        <item name="android:textColor">@color/black</item>
        <item name="android:textSize">15sp</item>
        <item name="android:textColorHint">@color/color_search_hint</item>
    </style>

    <style name="NotificationUIText">
        <item name="android:textColor">@android:color/white</item>
        <item name="android:textSize">12sp</item>
        <item name="android:gravity">center</item>
        <item name="android:textStyle">bold</item>
        <item name="android:shadowDx">0</item>
        <item name="android:shadowDy">2</item>
        <item name="android:shadowColor">@color/transparent_75_white</item>
    </style>
    <style name="L2TextWhite">
        <item name="android:textColor">@android:color/white</item>
        <item name="android:textSize">16sp</item>
        <item name="android:gravity">center</item>
    </style>

    <style name="VideoCallTheme" parent="AppTheme">
        <item name="colorPrimary">@color/colorPrimary</item>
        <item name="colorPrimaryDark">@color/colorPrimary</item>
        <item name="colorAccent">@color/colorPrimary</item>
    </style>

</resources>