{"v":"5.7.4","fr":30,"ip":0,"op":120,"w":386,"h":150,"nm":"(4)忘記密碼","ddd":0,"assets":[],"layers":[{"ddd":0,"ind":1,"ty":4,"nm":"人","sr":1,"ks":{"o":{"a":0,"k":100,"ix":11},"r":{"a":0,"k":0,"ix":10},"p":{"a":1,"k":[{"i":{"x":0.667,"y":1},"o":{"x":1,"y":0},"t":0,"s":[151.836,139.441,0],"to":[0,0.667,0],"ti":[0,-0.667,0]},{"t":10,"s":[151.836,143.441,0]}],"ix":2,"x":"var $bm_rt;\n$bm_rt = loopOut('pingpong');","l":2},"a":{"a":0,"k":[71.42,131.75,0],"ix":1,"l":2},"s":{"a":1,"k":[{"i":{"x":[0.008,0.667,0.667],"y":[1,1,1]},"o":{"x":[0.91,1,0.333],"y":[0,0,0]},"t":0,"s":[100,100,100]},{"t":10,"s":[100,95,100]}],"ix":6,"x":"var $bm_rt;\n$bm_rt = loopOut('pingpong');","l":2}},"ao":0,"ef":[{"ty":34,"nm":"Puppet","np":6,"mn":"ADBE FreePin3","ix":1,"en":1,"ef":[{"ty":7,"nm":"Puppet Engine","mn":"ADBE FreePin3 Puppet Engine","ix":1,"v":{"a":0,"k":2,"ix":1}},{"ty":0,"nm":"Mesh Rotation Refinement","mn":"ADBE FreePin3 Auto Rotate Pins","ix":2,"v":{"a":0,"k":20,"ix":2}},{"ty":7,"nm":"On Transparent","mn":"ADBE FreePin3 On Transparent","ix":3,"v":{"a":0,"k":0,"ix":3}},{"ty":30,"nm":"arap","np":3,"mn":"ADBE FreePin3 ARAP Group","ix":4,"en":1,"ef":[{"ty":6,"nm":"Auto-traced Shapes","mn":"ADBE FreePin3 Outlines","ix":1,"v":0},{"ty":1,"nm":"Mesh","np":1,"mn":"ADBE FreePin3 Mesh Group","ix":2,"en":1,"ef":[]}]}]}],"shapes":[{"ty":"gr","it":[{"ind":0,"ty":"sh","ix":1,"ks":{"a":0,"k":{"i":[[-3.4,7],[5.2,-3.6],[0,0],[0,0],[0.2,-6.8],[0,0],[8.4,-0.2],[0,0],[0,0],[-13.2,1.4]],"o":[[0,0],[-5.2,3.6],[0,0],[0,0],[0,0],[0,0],[0,0],[0,0],[0,0],[13.2,-1.4]],"v":[[16.6,-27.6],[16.6,-13.2],[9.4,-9.6],[9.4,1.2],[3.4,7.2],[3.4,18],[-3.8,27.6],[-20.6,27.6],[-20.6,-7.2],[-8.6,-21.6]],"c":true},"ix":2},"nm":"Path 1","mn":"ADBE Vector Shape - Group","hd":false},{"ty":"mm","mm":4,"nm":"Merge Paths 1","mn":"ADBE Vector Filter - Merge","hd":false},{"ty":"fl","c":{"a":0,"k":[0.349019607843,0.352941176471,0.337254901961,1],"ix":4},"o":{"a":0,"k":100,"ix":5},"r":1,"bm":0,"nm":"Fill 1","mn":"ADBE Vector Graphic - Fill","hd":false},{"ty":"tr","p":{"a":0,"k":[67.45,33.85],"ix":2},"a":{"a":0,"k":[0,0],"ix":1},"s":{"a":0,"k":[100,100],"ix":3},"r":{"a":0,"k":0,"ix":6},"o":{"a":0,"k":100,"ix":7},"sk":{"a":0,"k":0,"ix":4},"sa":{"a":0,"k":0,"ix":5},"nm":"Transform"}],"nm":"Group 1","np":3,"cix":2,"bm":0,"ix":1,"mn":"ADBE Vector Group","hd":false},{"ty":"gr","it":[{"ind":0,"ty":"sh","ix":1,"ks":{"a":0,"k":{"i":[[0,0],[0,0]],"o":[[0.52,0.04],[0,0]],"v":[[-14.335,30.58],[-13.465,30.58]],"c":true},"ix":2},"nm":"Path 1","mn":"ADBE Vector Shape - Group","hd":false},{"ind":1,"ty":"sh","ix":2,"ks":{"a":0,"k":{"i":[[0,0],[0,0],[-0.15,-9.75],[0,0],[5,-0.6],[0.2,-5.2],[6.2,-0.2],[0,0],[-0.2,5.2],[-5,0.6],[0,0],[0.2,12.8]],"o":[[0,0],[2.94,0.67],[0.2,12.8],[0,0],[-5,0.6],[-0.2,5.2],[0,0],[6.2,-0.2],[0.2,-5.2],[5,-0.6],[0,0],[-0.2,-12.8]],"v":[[3.335,-30.62],[1.265,-30.4],[10.535,-17.42],[10.535,6.58],[5.735,11.38],[-2.665,17.38],[-7.465,30.58],[-3.865,30.58],[0.935,17.38],[9.335,11.38],[14.135,6.58],[14.135,-17.42]],"c":true},"ix":2},"nm":"Path 2","mn":"ADBE Vector Shape - Group","hd":false},{"ty":"mm","mm":1,"nm":"Merge Paths 1","mn":"ADBE Vector Filter - Merge","hd":false},{"ty":"mm","mm":4,"nm":"Merge Paths 2","mn":"ADBE Vector Filter - Merge","hd":false},{"ty":"fl","c":{"a":0,"k":[1,0.847058883368,0.623529411765,1],"ix":4},"o":{"a":0,"k":100,"ix":5},"r":1,"bm":0,"nm":"Fill 1","mn":"ADBE Vector Graphic - Fill","hd":false},{"ty":"tr","p":{"a":0,"k":[71.115,52.469],"ix":2},"a":{"a":0,"k":[0,0],"ix":1},"s":{"a":0,"k":[100,100],"ix":3},"r":{"a":0,"k":0,"ix":6},"o":{"a":0,"k":100,"ix":7},"sk":{"a":0,"k":0,"ix":4},"sa":{"a":0,"k":0,"ix":5},"nm":"Transform"}],"nm":"Group 2","np":5,"cix":2,"bm":0,"ix":2,"mn":"ADBE Vector Group","hd":false},{"ty":"gr","it":[{"ind":0,"ty":"sh","ix":1,"ks":{"a":0,"k":{"i":[[0,0],[-0.2,-12.8],[0,0],[5,-0.6],[0.2,-5.2],[6.2,-0.2],[0,0],[0,5.399],[0,0]],"o":[[0,0],[0.2,12.8],[0,0],[-5,0.6],[-0.2,5.2],[0,0],[0,0],[0,0],[0,0]],"v":[[5.3,-30.9],[16.1,-17.699],[16.1,6.301],[11.3,11.1],[2.9,17.1],[-1.9,30.301],[-11.5,30.301],[-16.3,25.501],[-16.3,-28.499]],"c":true},"ix":2},"nm":"Path 1","mn":"ADBE Vector Shape - Group","hd":false},{"ty":"mm","mm":4,"nm":"Merge Paths 1","mn":"ADBE Vector Filter - Merge","hd":false},{"ty":"fl","c":{"a":0,"k":[0.803921628466,0.658823529412,0.513725490196,1],"ix":4},"o":{"a":0,"k":100,"ix":5},"r":1,"bm":0,"nm":"Fill 1","mn":"ADBE Vector Graphic - Fill","hd":false},{"ty":"tr","p":{"a":0,"k":[69.15,52.749],"ix":2},"a":{"a":0,"k":[0,0],"ix":1},"s":{"a":0,"k":[100,100],"ix":3},"r":{"a":0,"k":0,"ix":6},"o":{"a":0,"k":100,"ix":7},"sk":{"a":0,"k":0,"ix":4},"sa":{"a":0,"k":0,"ix":5},"nm":"Transform"}],"nm":"Group 3","np":3,"cix":2,"bm":0,"ix":3,"mn":"ADBE Vector Group","hd":false},{"ty":"gr","it":[{"ind":0,"ty":"sh","ix":1,"ks":{"a":0,"k":{"i":[[0,0],[0,0],[-5.79,-5.6],[0,0],[0,0],[0,0],[0,0],[0,0],[0,0],[6.39,2],[6.8,8],[0,0],[-21.78,-0.2]],"o":[[0,0],[0,0],[5.8,5.6],[0,0],[0,0],[0,0],[0,0],[0,0],[0,0],[-6.4,-2],[0,0],[0,0],[0,0]],"v":[[10.89,-21.6],[25.28,-21.6],[40.87,-16.8],[45.67,-2.4],[45.67,15.6],[30.08,15.6],[30.08,34.8],[-21.48,34.8],[-21.48,10.8],[-26.28,0.001],[-46.67,-13.2],[-33.48,-34.8],[-4.7,-20.4]],"c":true},"ix":2},"nm":"Path 1","mn":"ADBE Vector Shape - Group","hd":false},{"ty":"mm","mm":4,"nm":"Merge Paths 1","mn":"ADBE Vector Filter - Merge","hd":false},{"ty":"fl","c":{"a":0,"k":[0,0,0,1],"ix":4},"o":{"a":0,"k":100,"ix":5},"r":1,"bm":0,"nm":"Fill 1","mn":"ADBE Vector Graphic - Fill","hd":false},{"ty":"tr","p":{"a":0,"k":[59.92,97.449],"ix":2},"a":{"a":0,"k":[0,0],"ix":1},"s":{"a":0,"k":[100,100],"ix":3},"r":{"a":0,"k":0,"ix":6},"o":{"a":0,"k":100,"ix":7},"sk":{"a":0,"k":0,"ix":4},"sa":{"a":0,"k":0,"ix":5},"nm":"Transform"}],"nm":"Group 4","np":3,"cix":2,"bm":0,"ix":4,"mn":"ADBE Vector Group","hd":false},{"ty":"gr","it":[{"ty":"gr","it":[{"ind":0,"ty":"sh","ix":1,"ks":{"a":0,"k":{"i":[[-1.6,2.3],[-1.81,-1.2],[1.59,-2.3],[1.82,1.2]],"o":[[1.6,-2.3],[1.82,1.21],[-1.6,2.3],[-1.81,-1.21]],"v":[[-3.28,-2.185],[2.89,-4.165],[3.29,2.185],[-2.89,4.165]],"c":true},"ix":2},"nm":"Path 1","mn":"ADBE Vector Shape - Group","hd":false},{"ty":"st","c":{"a":0,"k":[0.01568627450980392,0.01568627450980392,0.01568627450980392,1],"ix":3},"o":{"a":0,"k":100,"ix":4},"w":{"a":0,"k":1,"ix":5},"lc":2,"lj":2,"bm":0,"nm":"Stroke 1","mn":"ADBE Vector Graphic - Stroke","hd":false},{"ty":"tr","p":{"a":0,"k":[14.45,15.245],"ix":2},"a":{"a":0,"k":[0,0],"ix":1},"s":{"a":0,"k":[100,100],"ix":3},"r":{"a":0,"k":0,"ix":6},"o":{"a":0,"k":100,"ix":7},"sk":{"a":0,"k":0,"ix":4},"sa":{"a":0,"k":0,"ix":5},"nm":"Transform"}],"nm":"Group 5","np":2,"cix":2,"bm":0,"ix":1,"mn":"ADBE Vector Group","hd":false},{"ty":"gr","it":[{"ind":0,"ty":"sh","ix":1,"ks":{"a":0,"k":{"i":[[-1.6,2.3],[-1.81,-1.2],[1.59,-2.3],[1.82,1.2]],"o":[[1.6,-2.3],[1.82,1.21],[-1.6,2.3],[-1.81,-1.21]],"v":[[-3.28,-2.185],[2.89,-4.165],[3.29,2.185],[-2.89,4.165]],"c":true},"ix":2},"nm":"Path 1","mn":"ADBE Vector Shape - Group","hd":false},{"ty":"mm","mm":4,"nm":"Merge Paths 1","mn":"ADBE Vector Filter - Merge","hd":false},{"ty":"fl","c":{"a":0,"k":[0.356862745098,0.419607873056,0.443137284821,1],"ix":4},"o":{"a":0,"k":100,"ix":5},"r":1,"bm":0,"nm":"Fill 1","mn":"ADBE Vector Graphic - Fill","hd":false},{"ty":"tr","p":{"a":0,"k":[14.45,15.245],"ix":2},"a":{"a":0,"k":[0,0],"ix":1},"s":{"a":0,"k":[100,100],"ix":3},"r":{"a":0,"k":0,"ix":6},"o":{"a":0,"k":100,"ix":7},"sk":{"a":0,"k":0,"ix":4},"sa":{"a":0,"k":0,"ix":5},"nm":"Transform"}],"nm":"Group 6","np":3,"cix":2,"bm":0,"ix":2,"mn":"ADBE Vector Group","hd":false},{"ty":"gr","it":[{"ind":0,"ty":"sh","ix":1,"ks":{"a":0,"k":{"i":[[0,0],[0,0],[0,0],[0,0]],"o":[[0,0],[0,0],[0,0],[0,0]],"v":[[-6,-1.8],[2.4,5.4],[6,1.8],[-3.6,-5.4]],"c":true},"ix":2},"nm":"Path 1","mn":"ADBE Vector Shape - Group","hd":false},{"ty":"mm","mm":4,"nm":"Merge Paths 1","mn":"ADBE Vector Filter - Merge","hd":false},{"ty":"fl","c":{"a":0,"k":[0.325490196078,0.388235324037,0.407843167174,1],"ix":4},"o":{"a":0,"k":100,"ix":5},"r":1,"bm":0,"nm":"Fill 1","mn":"ADBE Vector Graphic - Fill","hd":false},{"ty":"tr","p":{"a":0,"k":[20.45,20.05],"ix":2},"a":{"a":0,"k":[0,0],"ix":1},"s":{"a":0,"k":[100,100],"ix":3},"r":{"a":0,"k":0,"ix":6},"o":{"a":0,"k":100,"ix":7},"sk":{"a":0,"k":0,"ix":4},"sa":{"a":0,"k":0,"ix":5},"nm":"Transform"}],"nm":"Group 7","np":3,"cix":2,"bm":0,"ix":3,"mn":"ADBE Vector Group","hd":false},{"ty":"gr","it":[{"ind":0,"ty":"sh","ix":1,"ks":{"a":0,"k":{"i":[[0,0],[-0.8,19.201],[0,0],[-2.8,8],[-1.43,-0.761],[0.61,0.239],[0.9,-3.901],[0,0],[-1.11,-18.06],[0,0],[0,0]],"o":[[0,0],[0.8,-19.199],[0,0],[0,0],[-0.35,-0.461],[-5.1,-2.101],[-0.9,3.9],[0,0],[1.2,19.5],[0,0],[0,0]],"v":[[-1.8,28.619],[-11.4,1.02],[3,-22.98],[13.8,-33.779],[16.41,-32.699],[15,-33.779],[3,-30.179],[-3,-24.18],[-15.3,5.82],[-3,33.421],[-2.91,35.88]],"c":true},"ix":2},"nm":"Path 1","mn":"ADBE Vector Shape - Group","hd":false},{"ty":"mm","mm":4,"nm":"Merge Paths 1","mn":"ADBE Vector Filter - Merge","hd":false},{"ty":"fl","c":{"a":0,"k":[1,0.850980451995,0.607843137255,1],"ix":4},"o":{"a":0,"k":100,"ix":5},"r":1,"bm":0,"nm":"Fill 1","mn":"ADBE Vector Graphic - Fill","hd":false},{"ty":"tr","p":{"a":0,"k":[28.25,40.029],"ix":2},"a":{"a":0,"k":[0,0],"ix":1},"s":{"a":0,"k":[100,100],"ix":3},"r":{"a":0,"k":0,"ix":6},"o":{"a":0,"k":100,"ix":7},"sk":{"a":0,"k":0,"ix":4},"sa":{"a":0,"k":0,"ix":5},"nm":"Transform"}],"nm":"Group 8","np":3,"cix":2,"bm":0,"ix":4,"mn":"ADBE Vector Group","hd":false},{"ty":"gr","it":[{"ind":0,"ty":"sh","ix":1,"ks":{"a":0,"k":{"i":[[0,0],[-0.8,19.201],[0,0],[-2.8,8],[-1.4,-4.4],[-1.8,0.4],[1.4,2.2],[9.2,-1.199],[2.8,-4.4],[-3.4,-22.6],[0,0]],"o":[[0,0],[0.8,-19.199],[0,0],[0,0],[1.4,4.399],[1.8,-0.401],[-1.4,-2.199],[-9.2,1.2],[-2.8,4.4],[3.4,22.601],[0,0]],"v":[[-1,26.399],[-10.6,-1.201],[3.8,-25.201],[14.6,-36],[21.8,-30],[25.4,-26.4],[24.2,-34.801],[7.4,-40.801],[-16.6,-25.201],[-23.8,14.399],[-3.4,42]],"c":true},"ix":2},"nm":"Path 1","mn":"ADBE Vector Shape - Group","hd":false},{"ty":"mm","mm":4,"nm":"Merge Paths 1","mn":"ADBE Vector Filter - Merge","hd":false},{"ty":"fl","c":{"a":0,"k":[0.807843197093,0.658823529412,0.505882352941,1],"ix":4},"o":{"a":0,"k":100,"ix":5},"r":1,"bm":0,"nm":"Fill 1","mn":"ADBE Vector Graphic - Fill","hd":false},{"ty":"tr","p":{"a":0,"k":[19.95,72.75],"ix":2},"a":{"a":0,"k":[-7.5,30.5],"ix":1},"s":{"a":0,"k":[100,100],"ix":3},"r":{"a":0,"k":0,"ix":6},"o":{"a":0,"k":100,"ix":7},"sk":{"a":0,"k":0,"ix":4},"sa":{"a":0,"k":0,"ix":5},"nm":"Transform"}],"nm":"左手","np":3,"cix":2,"bm":0,"ix":5,"mn":"ADBE Vector Group","hd":false},{"ty":"tr","p":{"a":0,"k":[21.229,70.258],"ix":2},"a":{"a":0,"k":[21.229,70.258],"ix":1},"s":{"a":0,"k":[100,100],"ix":3},"r":{"a":1,"k":[{"i":{"x":[0.667],"y":[1]},"o":{"x":[1],"y":[0]},"t":0,"s":[0]},{"t":10,"s":[-10]}],"ix":6,"x":"var $bm_rt;\n$bm_rt = loopOut('pingpong');"},"o":{"a":0,"k":100,"ix":7},"sk":{"a":0,"k":0,"ix":4},"sa":{"a":0,"k":0,"ix":5},"nm":"Transform"}],"nm":"左手","np":5,"cix":2,"bm":0,"ix":5,"mn":"ADBE Vector Group","hd":false},{"ty":"gr","it":[{"ind":0,"ty":"sh","ix":1,"ks":{"a":0,"k":{"i":[[0,0],[0,0],[0,0],[0,0]],"o":[[0,0],[0,0],[0,0],[0,0]],"v":[[-1.2,10.2],[1.2,10.2],[1.2,-10.2],[-1.2,-10.2]],"c":true},"ix":2},"nm":"Path 1","mn":"ADBE Vector Shape - Group","hd":false},{"ty":"fl","c":{"a":0,"k":[1,0.850980451995,0.607843137255,1],"ix":4},"o":{"a":0,"k":100,"ix":5},"r":1,"bm":0,"nm":"Fill 1","mn":"ADBE Vector Graphic - Fill","hd":false},{"ty":"tr","p":{"a":0,"k":[103.25,122.049],"ix":2},"a":{"a":0,"k":[0,0],"ix":1},"s":{"a":0,"k":[100,100],"ix":3},"r":{"a":0,"k":0,"ix":6},"o":{"a":0,"k":100,"ix":7},"sk":{"a":0,"k":0,"ix":4},"sa":{"a":0,"k":0,"ix":5},"nm":"Transform"}],"nm":"Group 10","np":2,"cix":2,"bm":0,"ix":6,"mn":"ADBE Vector Group","hd":false},{"ty":"gr","it":[{"ind":0,"ty":"sh","ix":1,"ks":{"a":0,"k":{"i":[[0,0],[0,0],[0,0],[0,0]],"o":[[0,0],[0,0],[0,0],[0,0]],"v":[[-8.4,-10.2],[8.4,-10.2],[8.4,10.2],[-8.4,10.2]],"c":true},"ix":2},"nm":"Path 1","mn":"ADBE Vector Shape - Group","hd":false},{"ty":"fl","c":{"a":0,"k":[0.811764765721,0.662745098039,0.494117676978,1],"ix":4},"o":{"a":0,"k":100,"ix":5},"r":1,"bm":0,"nm":"Fill 1","mn":"ADBE Vector Graphic - Fill","hd":false},{"ty":"tr","p":{"a":0,"k":[96.05,122.049],"ix":2},"a":{"a":0,"k":[0,0],"ix":1},"s":{"a":0,"k":[100,100],"ix":3},"r":{"a":0,"k":0,"ix":6},"o":{"a":0,"k":100,"ix":7},"sk":{"a":0,"k":0,"ix":4},"sa":{"a":0,"k":0,"ix":5},"nm":"Transform"}],"nm":"Group 11","np":2,"cix":2,"bm":0,"ix":7,"mn":"ADBE Vector Group","hd":false}],"ip":0,"op":120,"st":0,"bm":0},{"ddd":0,"ind":2,"ty":4,"nm":"飛機","sr":1,"ks":{"o":{"a":0,"k":100,"ix":11},"r":{"a":1,"k":[{"i":{"x":[0.833],"y":[0.833]},"o":{"x":[0.167],"y":[0.167]},"t":0,"s":[52.175]},{"i":{"x":[0.833],"y":[0.833]},"o":{"x":[0.167],"y":[0.167]},"t":20.041,"s":[13.175]},{"i":{"x":[0.833],"y":[0.833]},"o":{"x":[0.167],"y":[0.167]},"t":40.082,"s":[82.175]},{"t":60.123046875,"s":[-0.825]}],"ix":10,"x":"var $bm_rt;\n$bm_rt = loopOut('cycle');"},"p":{"a":1,"k":[{"i":{"x":0.833,"y":0.833},"o":{"x":0.167,"y":0.167},"t":0,"s":[-22.887,77.73,0],"to":[69.75,13.333,0],"ti":[-59.463,42.063,0]},{"i":{"x":0.833,"y":0.833},"o":{"x":0.167,"y":0.167},"t":20.041,"s":[108.613,43.23,0],"to":[74.744,-52.873,0],"ti":[0,0,0]},{"i":{"x":0.833,"y":0.833},"o":{"x":0.167,"y":0.167},"t":40.082,"s":[252.113,38.73,0],"to":[0,0,0],"ti":[-38.388,3.98,0]},{"i":{"x":0.833,"y":0.833},"o":{"x":0.167,"y":0.167},"t":50.103,"s":[340.112,101.48,0],"to":[38.388,-3.98,0],"ti":[0,0,0]},{"t":60.123046875,"s":[404.113,70.23,0]}],"ix":2,"x":"var $bm_rt;\n$bm_rt = loopOut('cycle');","l":2},"a":{"a":0,"k":[10.8,9.475,0],"ix":1,"l":2},"s":{"a":1,"k":[{"i":{"x":[0.833,0.833,0.833],"y":[0.833,0.833,0.833]},"o":{"x":[0.167,0.167,0.167],"y":[0.167,0.167,0.167]},"t":0,"s":[150,150,100]},{"i":{"x":[0.833,0.833,0.833],"y":[0.833,0.833,0.833]},"o":{"x":[0.167,0.167,0.167],"y":[0.167,0.167,0.167]},"t":20.041,"s":[80,80,100]},{"i":{"x":[0.833,0.833,0.833],"y":[0.833,0.833,0.833]},"o":{"x":[0.167,0.167,0.167],"y":[0.167,0.167,0.167]},"t":40.082,"s":[100,100,100]},{"t":60.123046875,"s":[100,100,100]}],"ix":6,"x":"var $bm_rt;\n$bm_rt = loopOut('cycle');","l":2}},"ao":0,"shapes":[{"ind":0,"ty":"sh","ix":1,"ks":{"a":0,"k":{"i":[[0.19,0.21],[0.26,-0.08],[0,0],[0.03,-0.31],[-0.28,-0.14],[0,0],[0,0],[-0.66,0.64],[-0.08,0.06],[0,0],[-0.19,-0.03],[-0.08,0.01],[-0.11,0.26],[0,0]],"o":[[-0.18,-0.21],[0,0],[-0.3,0.09],[-0.03,0.31],[0,0],[0,0],[-0.05,0.8],[0.43,-0.43],[0,0],[0.11,0.17],[0.07,0.01],[0.26,-0.04],[0,0],[0.11,-0.25]],"v":[[21.11,0.55],[20.38,0.33],[0.83,6.43],[0.28,7.1],[0.7,7.85],[5.44,10.21],[5.1,15.96],[6.23,16.33],[9.23,13.33],[12.77,18.39],[13.25,18.69],[13.46,18.69],[14.07,18.22],[21.24,1.32]],"c":true},"ix":2},"nm":"Path 1","mn":"ADBE Vector Shape - Group","hd":false},{"ind":1,"ty":"sh","ix":2,"ks":{"a":0,"k":{"i":[[0,0],[0,0],[0,0],[0,0],[0,0],[0,0]],"o":[[0,0],[0,0],[0,0],[0,0],[0,0],[0,0]],"v":[[13.23,16.38],[9.73,11.36],[17.21,4.02],[6.55,9.029],[3.14,7.32],[19.33,2.18]],"c":true},"ix":2},"nm":"Path 2","mn":"ADBE Vector Shape - Group","hd":false},{"ty":"mm","mm":1,"nm":"Merge Paths 1","mn":"ADBE Vector Filter - Merge","hd":false},{"ty":"mm","mm":4,"nm":"Merge Paths 2","mn":"ADBE Vector Filter - Merge","hd":false},{"ty":"fl","c":{"a":0,"k":[0.478431373835,0.772549033165,0.890196084976,1],"ix":4},"o":{"a":0,"k":100,"ix":5},"r":1,"bm":0,"nm":"Fill 1","mn":"ADBE Vector Graphic - Fill","hd":false}],"ip":0,"op":120,"st":0,"bm":0},{"ddd":0,"ind":3,"ty":4,"nm":"飛機路徑 2","sr":1,"ks":{"o":{"a":0,"k":100,"ix":11},"r":{"a":0,"k":0,"ix":10},"p":{"a":0,"k":[184.606,78.271,0],"ix":2,"l":2},"a":{"a":0,"k":[183.5,58.5,0],"ix":1,"l":2},"s":{"a":0,"k":[100,100,100],"ix":6,"l":2}},"ao":0,"shapes":[{"ind":0,"ty":"sh","ix":1,"ks":{"a":0,"k":{"i":[[0,0],[12.903,-8.886],[26.852,32.277],[46.777,4.083],[27.641,-25.616],[24.036,2.844]],"o":[[0,0],[-13.934,9.596],[-21.095,-25.357],[-45.812,-3.998],[-27.641,25.616],[0,0]],"v":[[395.289,67.306],[372.327,83.133],[287.542,67.451],[196.616,10.146],[80.191,52.406],[-4.739,70.896]],"c":false},"ix":2},"nm":"Path 1","mn":"ADBE Vector Shape - Group","hd":false},{"ty":"st","c":{"a":0,"k":[0.478431373835,0.772549033165,0.890196084976,1],"ix":3},"o":{"a":0,"k":100,"ix":4},"w":{"a":0,"k":2,"ix":5},"lc":2,"lj":2,"bm":0,"nm":"Stroke 1","mn":"ADBE Vector Graphic - Stroke","hd":false},{"ty":"tm","s":{"a":1,"k":[{"i":{"x":[0.833],"y":[0.833]},"o":{"x":[0.167],"y":[0.167]},"t":13,"s":[100]},{"i":{"x":[0.833],"y":[0.833]},"o":{"x":[0.167],"y":[0.167]},"t":22.579,"s":[100]},{"t":72,"s":[0]}],"ix":1,"x":"var $bm_rt;\n$bm_rt = loopOut('cycle');"},"e":{"a":1,"k":[{"i":{"x":[0.833],"y":[0.833]},"o":{"x":[0.167],"y":[0.167]},"t":13,"s":[100]},{"i":{"x":[0.833],"y":[0.833]},"o":{"x":[0.167],"y":[0.167]},"t":65.178,"s":[0]},{"t":72,"s":[0]}],"ix":2,"x":"var $bm_rt;\n$bm_rt = loopOut('cycle');"},"o":{"a":0,"k":0,"ix":3},"m":1,"ix":3,"nm":"Trim Paths 1","mn":"ADBE Vector Filter - Trim","hd":false}],"ip":13,"op":133,"st":13,"bm":0},{"ddd":0,"ind":4,"ty":4,"nm":"飛機路徑","sr":1,"ks":{"o":{"a":0,"k":100,"ix":11},"r":{"a":0,"k":0,"ix":10},"p":{"a":0,"k":[184.606,69.271,0],"ix":2,"l":2},"a":{"a":0,"k":[183.5,58.5,0],"ix":1,"l":2},"s":{"a":0,"k":[100,100,100],"ix":6,"l":2}},"ao":0,"shapes":[{"ind":0,"ty":"sh","ix":1,"ks":{"a":0,"k":{"i":[[0,0],[12.903,-8.886],[26.852,32.277],[46.777,4.083],[27.641,-25.616],[24.036,2.844]],"o":[[0,0],[-13.934,9.596],[-21.095,-25.357],[-45.812,-3.998],[-27.641,25.616],[0,0]],"v":[[395.289,67.306],[372.327,83.133],[287.542,67.451],[196.616,10.146],[80.191,52.406],[-4.739,70.896]],"c":false},"ix":2},"nm":"Path 1","mn":"ADBE Vector Shape - Group","hd":false},{"ty":"st","c":{"a":0,"k":[0.478431373835,0.772549033165,0.890196084976,1],"ix":3},"o":{"a":0,"k":100,"ix":4},"w":{"a":0,"k":2,"ix":5},"lc":2,"lj":2,"bm":0,"nm":"Stroke 1","mn":"ADBE Vector Graphic - Stroke","hd":false},{"ty":"tm","s":{"a":1,"k":[{"i":{"x":[0.833],"y":[0.833]},"o":{"x":[0.167],"y":[0.167]},"t":10,"s":[100]},{"i":{"x":[0.833],"y":[0.833]},"o":{"x":[0.167],"y":[0.167]},"t":19.579,"s":[100]},{"t":69,"s":[0]}],"ix":1,"x":"var $bm_rt;\n$bm_rt = loopOut('cycle');"},"e":{"a":1,"k":[{"i":{"x":[0.833],"y":[0.833]},"o":{"x":[0.167],"y":[0.167]},"t":10,"s":[100]},{"i":{"x":[0.833],"y":[0.833]},"o":{"x":[0.167],"y":[0.167]},"t":62.178,"s":[0]},{"t":69,"s":[0]}],"ix":2,"x":"var $bm_rt;\n$bm_rt = loopOut('cycle');"},"o":{"a":0,"k":0,"ix":3},"m":1,"ix":3,"nm":"Trim Paths 1","mn":"ADBE Vector Filter - Trim","hd":false}],"ip":10,"op":130,"st":10,"bm":0},{"ddd":0,"ind":5,"ty":4,"nm":"滑鼠","sr":1,"ks":{"o":{"a":0,"k":100,"ix":11},"r":{"a":0,"k":0,"ix":10},"p":{"a":0,"k":[278.366,126.832,0],"ix":2,"l":2},"a":{"a":0,"k":[16.59,5.899,0],"ix":1,"l":2},"s":{"a":0,"k":[100,100,100],"ix":6,"l":2}},"ao":0,"shapes":[{"ty":"gr","it":[{"ind":0,"ty":"sh","ix":1,"ks":{"a":0,"k":{"i":[[1.14,-3.29],[0,0],[0.69,4.389],[1.19,0.801],[1.99,-0.161]],"o":[[0,0],[0,0],[-0.29,-1.84],[-1.96,-0.189],[-5.09,0.389]],"v":[[-8.8,3.811],[5.36,3.811],[8.11,-0.139],[5.87,-3.99],[-0.13,-4.089]],"c":true},"ix":2},"nm":"Path 1","mn":"ADBE Vector Shape - Group","hd":false},{"ty":"mm","mm":4,"nm":"Merge Paths 1","mn":"ADBE Vector Filter - Merge","hd":false},{"ty":"fl","c":{"a":0,"k":[0.482352971096,0.560784313725,0.596078431373,1],"ix":4},"o":{"a":0,"k":100,"ix":5},"r":1,"bm":0,"nm":"Fill 1","mn":"ADBE Vector Graphic - Fill","hd":false},{"ty":"tr","p":{"a":0,"k":[24.13,7.269],"ix":2},"a":{"a":0,"k":[0,0],"ix":1},"s":{"a":0,"k":[100,100],"ix":3},"r":{"a":0,"k":0,"ix":6},"o":{"a":0,"k":100,"ix":7},"sk":{"a":0,"k":0,"ix":4},"sa":{"a":0,"k":0,"ix":5},"nm":"Transform"}],"nm":"Group 1","np":3,"cix":2,"bm":0,"ix":1,"mn":"ADBE Vector Group","hd":false},{"ty":"gr","it":[{"ind":0,"ty":"sh","ix":1,"ks":{"a":0,"k":{"i":[[0,0],[2.04,-3.769],[-3.4,0.229],[0,0],[0.68,4.71],[5.45,0]],"o":[[0,0],[-2.04,3.76],[0,0],[0,0],[-0.68,-4.7],[0,0]],"v":[[-6.125,-4.71],[-14.295,-1.881],[-11.575,5.18],[12.935,5.18],[15.655,0.939],[6.125,-4.71]],"c":true},"ix":2},"nm":"Path 1","mn":"ADBE Vector Shape - Group","hd":false},{"ty":"mm","mm":4,"nm":"Merge Paths 1","mn":"ADBE Vector Filter - Merge","hd":false},{"ty":"fl","c":{"a":0,"k":[0.682352941176,0.701960784314,0.717647058824,1],"ix":4},"o":{"a":0,"k":100,"ix":5},"r":1,"bm":0,"nm":"Fill 1","mn":"ADBE Vector Graphic - Fill","hd":false},{"ty":"tr","p":{"a":0,"k":[16.585,5.9],"ix":2},"a":{"a":0,"k":[0,0],"ix":1},"s":{"a":0,"k":[100,100],"ix":3},"r":{"a":0,"k":0,"ix":6},"o":{"a":0,"k":100,"ix":7},"sk":{"a":0,"k":0,"ix":4},"sa":{"a":0,"k":0,"ix":5},"nm":"Transform"}],"nm":"Group 2","np":3,"cix":2,"bm":0,"ix":2,"mn":"ADBE Vector Group","hd":false}],"ip":0,"op":120,"st":0,"bm":0},{"ddd":0,"ind":6,"ty":4,"nm":"電腦","sr":1,"ks":{"o":{"a":0,"k":100,"ix":11},"r":{"a":0,"k":0,"ix":10},"p":{"a":0,"k":[207.106,83.021,0],"ix":2,"l":2},"a":{"a":0,"k":[60.25,53.25,0],"ix":1,"l":2},"s":{"a":0,"k":[100,100,100],"ix":6,"l":2}},"ao":0,"shapes":[{"ty":"gr","it":[{"ind":0,"ty":"sh","ix":1,"ks":{"a":0,"k":{"i":[[0.25,0.02],[0,0],[0.04,0.1],[0,0],[0.101,-0.25],[0,0],[0.1,-0.01],[0,0],[-0.189,-0.18],[0,0],[0.021,-0.11],[0,0],[-0.219,0.13],[0,0],[-0.089,-0.06],[0,0],[0.061,0.26],[0,0],[-0.08,0.07],[0,0]],"o":[[0,0],[-0.111,-0.01],[0,0],[-0.1,-0.25],[0,0],[-0.04,0.1],[0,0],[-0.25,0.02],[0,0],[0.08,0.07],[0,0],[-0.059,0.25],[0,0],[0.09,-0.06],[0,0],[0.221,0.13],[0,0],[-0.02,-0.11],[0,0],[0.18,-0.18]],"v":[[2.74,-0.965],[1.09,-1.135],[0.849,-1.315],[0.26,-2.825],[-0.271,-2.825],[-0.85,-1.315],[-1.09,-1.135],[-2.74,-0.965],[-2.901,-0.445],[-1.66,0.705],[-1.571,0.995],[-1.941,2.615],[-1.521,2.945],[-0.14,2.095],[0.139,2.095],[1.519,2.945],[1.939,2.615],[1.57,0.995],[1.66,0.705],[2.91,-0.445]],"c":true},"ix":2},"nm":"Path 1","mn":"ADBE Vector Shape - Group","hd":false},{"ty":"mm","mm":4,"nm":"Merge Paths 1","mn":"ADBE Vector Filter - Merge","hd":false},{"ty":"fl","c":{"a":0,"k":[0.925490255917,0.298039215686,0.294117647059,1],"ix":4},"o":{"a":0,"k":100,"ix":5},"r":1,"bm":0,"nm":"Fill 1","mn":"ADBE Vector Graphic - Fill","hd":false},{"ty":"tr","p":{"a":0,"k":[71.25,62.265],"ix":2},"a":{"a":0,"k":[0,0],"ix":1},"s":{"a":0,"k":[100,100],"ix":3},"r":{"a":0,"k":0,"ix":6},"o":{"a":1,"k":[{"i":{"x":[0.833],"y":[0.833]},"o":{"x":[0.167],"y":[0.167]},"t":0,"s":[100]},{"t":10,"s":[0]}],"ix":7,"x":"var $bm_rt;\n$bm_rt = loopOut('pingpong');"},"sk":{"a":0,"k":0,"ix":4},"sa":{"a":0,"k":0,"ix":5},"nm":"Transform"}],"nm":"密碼","np":3,"cix":2,"bm":0,"ix":1,"mn":"ADBE Vector Group","hd":false},{"ty":"gr","it":[{"ind":0,"ty":"sh","ix":1,"ks":{"a":0,"k":{"i":[[0.25,0.02],[0,0],[0.04,0.1],[0,0],[0.101,-0.25],[0,0],[0.1,-0.01],[0,0],[-0.189,-0.18],[0,0],[0.021,-0.11],[0,0],[-0.219,0.13],[0,0],[-0.089,-0.06],[0,0],[0.061,0.26],[0,0],[-0.08,0.07],[0,0]],"o":[[0,0],[-0.111,-0.01],[0,0],[-0.1,-0.25],[0,0],[-0.04,0.1],[0,0],[-0.25,0.02],[0,0],[0.08,0.07],[0,0],[-0.059,0.25],[0,0],[0.09,-0.06],[0,0],[0.221,0.13],[0,0],[-0.02,-0.11],[0,0],[0.18,-0.18]],"v":[[2.74,-0.965],[1.09,-1.135],[0.849,-1.315],[0.26,-2.825],[-0.271,-2.825],[-0.85,-1.315],[-1.09,-1.135],[-2.74,-0.965],[-2.901,-0.445],[-1.66,0.705],[-1.571,0.995],[-1.941,2.615],[-1.521,2.945],[-0.14,2.095],[0.139,2.095],[1.519,2.945],[1.939,2.615],[1.57,0.995],[1.66,0.705],[2.91,-0.445]],"c":true},"ix":2},"nm":"Path 1","mn":"ADBE Vector Shape - Group","hd":false},{"ty":"mm","mm":4,"nm":"Merge Paths 1","mn":"ADBE Vector Filter - Merge","hd":false},{"ty":"fl","c":{"a":0,"k":[0.925490255917,0.298039215686,0.294117647059,1],"ix":4},"o":{"a":0,"k":100,"ix":5},"r":1,"bm":0,"nm":"Fill 1","mn":"ADBE Vector Graphic - Fill","hd":false},{"ty":"tr","p":{"a":0,"k":[62.25,62.265],"ix":2},"a":{"a":0,"k":[0,0],"ix":1},"s":{"a":0,"k":[100,100],"ix":3},"r":{"a":0,"k":0,"ix":6},"o":{"a":0,"k":100,"ix":7},"sk":{"a":0,"k":0,"ix":4},"sa":{"a":0,"k":0,"ix":5},"nm":"Transform"}],"nm":"Group 2","np":3,"cix":2,"bm":0,"ix":2,"mn":"ADBE Vector Group","hd":false},{"ty":"gr","it":[{"ind":0,"ty":"sh","ix":1,"ks":{"a":0,"k":{"i":[[0.25,0.02],[0,0],[0.04,0.1],[0,0],[0.101,-0.25],[0,0],[0.1,-0.01],[0,0],[-0.189,-0.18],[0,0],[0.021,-0.11],[0,0],[-0.219,0.13],[0,0],[-0.089,-0.06],[0,0],[0.061,0.26],[0,0],[-0.08,0.07],[0,0]],"o":[[0,0],[-0.111,-0.01],[0,0],[-0.1,-0.25],[0,0],[-0.04,0.1],[0,0],[-0.25,0.02],[0,0],[0.08,0.07],[0,0],[-0.059,0.25],[0,0],[0.09,-0.06],[0,0],[0.221,0.13],[0,0],[-0.02,-0.11],[0,0],[0.18,-0.18]],"v":[[2.74,-0.965],[1.09,-1.135],[0.849,-1.315],[0.26,-2.825],[-0.271,-2.825],[-0.85,-1.315],[-1.09,-1.135],[-2.74,-0.965],[-2.901,-0.445],[-1.66,0.705],[-1.571,0.995],[-1.941,2.615],[-1.521,2.945],[-0.14,2.095],[0.139,2.095],[1.519,2.945],[1.939,2.615],[1.57,0.995],[1.66,0.705],[2.91,-0.445]],"c":true},"ix":2},"nm":"Path 1","mn":"ADBE Vector Shape - Group","hd":false},{"ty":"mm","mm":4,"nm":"Merge Paths 1","mn":"ADBE Vector Filter - Merge","hd":false},{"ty":"fl","c":{"a":0,"k":[0.925490255917,0.298039215686,0.294117647059,1],"ix":4},"o":{"a":0,"k":100,"ix":5},"r":1,"bm":0,"nm":"Fill 1","mn":"ADBE Vector Graphic - Fill","hd":false},{"ty":"tr","p":{"a":0,"k":[52.25,62.265],"ix":2},"a":{"a":0,"k":[0,0],"ix":1},"s":{"a":0,"k":[100,100],"ix":3},"r":{"a":0,"k":0,"ix":6},"o":{"a":0,"k":100,"ix":7},"sk":{"a":0,"k":0,"ix":4},"sa":{"a":0,"k":0,"ix":5},"nm":"Transform"}],"nm":"Group 3","np":3,"cix":2,"bm":0,"ix":3,"mn":"ADBE Vector Group","hd":false},{"ty":"gr","it":[{"ind":0,"ty":"sh","ix":1,"ks":{"a":0,"k":{"i":[[0.25,0.02],[0,0],[0.04,0.1],[0,0],[0.1,-0.25],[0,0],[0.1,-0.01],[0,0],[-0.19,-0.18],[0,0],[0.02,-0.11],[0,0],[-0.22,0.13],[0,0],[-0.09,-0.06],[0,0],[0.06,0.26],[0,0],[-0.08,0.07],[0,0]],"o":[[0,0],[-0.11,-0.01],[0,0],[-0.1,-0.25],[0,0],[-0.04,0.1],[0,0],[-0.25,0.02],[0,0],[0.08,0.07],[0,0],[-0.06,0.25],[0,0],[0.09,-0.06],[0,0],[0.22,0.13],[0,0],[-0.02,-0.11],[0,0],[0.18,-0.18]],"v":[[2.74,-0.965],[1.09,-1.135],[0.85,-1.315],[0.26,-2.825],[-0.27,-2.825],[-0.85,-1.315],[-1.09,-1.135],[-2.74,-0.965],[-2.9,-0.445],[-1.66,0.705],[-1.57,0.995],[-1.94,2.615],[-1.52,2.945],[-0.14,2.095],[0.14,2.095],[1.52,2.945],[1.94,2.615],[1.57,0.995],[1.66,0.705],[2.91,-0.445]],"c":true},"ix":2},"nm":"Path 1","mn":"ADBE Vector Shape - Group","hd":false},{"ty":"mm","mm":4,"nm":"Merge Paths 1","mn":"ADBE Vector Filter - Merge","hd":false},{"ty":"fl","c":{"a":0,"k":[0.925490255917,0.298039215686,0.294117647059,1],"ix":4},"o":{"a":0,"k":100,"ix":5},"r":1,"bm":0,"nm":"Fill 1","mn":"ADBE Vector Graphic - Fill","hd":false},{"ty":"tr","p":{"a":0,"k":[43.25,62.265],"ix":2},"a":{"a":0,"k":[0,0],"ix":1},"s":{"a":0,"k":[100,100],"ix":3},"r":{"a":0,"k":0,"ix":6},"o":{"a":0,"k":100,"ix":7},"sk":{"a":0,"k":0,"ix":4},"sa":{"a":0,"k":0,"ix":5},"nm":"Transform"}],"nm":"Group 4","np":3,"cix":2,"bm":0,"ix":4,"mn":"ADBE Vector Group","hd":false},{"ty":"gr","it":[{"ind":0,"ty":"sh","ix":1,"ks":{"a":0,"k":{"i":[[0.25,0.02],[0,0],[0.04,0.1],[0,0],[0.1,-0.25],[0,0],[0.1,-0.01],[0,0],[-0.19,-0.18],[0,0],[0.02,-0.11],[0,0],[-0.22,0.13],[0,0],[-0.09,-0.06],[0,0],[0.06,0.26],[0,0],[-0.08,0.07],[0,0]],"o":[[0,0],[-0.11,-0.01],[0,0],[-0.1,-0.25],[0,0],[-0.04,0.1],[0,0],[-0.25,0.02],[0,0],[0.08,0.07],[0,0],[-0.06,0.25],[0,0],[0.09,-0.06],[0,0],[0.22,0.13],[0,0],[-0.02,-0.11],[0,0],[0.18,-0.18]],"v":[[2.74,-0.965],[1.09,-1.135],[0.85,-1.315],[0.26,-2.825],[-0.27,-2.825],[-0.85,-1.315],[-1.09,-1.135],[-2.74,-0.965],[-2.9,-0.445],[-1.66,0.705],[-1.57,0.995],[-1.94,2.615],[-1.52,2.945],[-0.14,2.095],[0.14,2.095],[1.52,2.945],[1.94,2.615],[1.57,0.995],[1.66,0.705],[2.91,-0.445]],"c":true},"ix":2},"nm":"Path 1","mn":"ADBE Vector Shape - Group","hd":false},{"ty":"mm","mm":4,"nm":"Merge Paths 1","mn":"ADBE Vector Filter - Merge","hd":false},{"ty":"fl","c":{"a":0,"k":[0.925490255917,0.298039215686,0.294117647059,1],"ix":4},"o":{"a":0,"k":100,"ix":5},"r":1,"bm":0,"nm":"Fill 1","mn":"ADBE Vector Graphic - Fill","hd":false},{"ty":"tr","p":{"a":0,"k":[33.25,62.265],"ix":2},"a":{"a":0,"k":[0,0],"ix":1},"s":{"a":0,"k":[100,100],"ix":3},"r":{"a":0,"k":0,"ix":6},"o":{"a":0,"k":100,"ix":7},"sk":{"a":0,"k":0,"ix":4},"sa":{"a":0,"k":0,"ix":5},"nm":"Transform"}],"nm":"Group 5","np":3,"cix":2,"bm":0,"ix":5,"mn":"ADBE Vector Group","hd":false},{"ty":"gr","it":[{"ind":0,"ty":"sh","ix":1,"ks":{"a":0,"k":{"i":[[-1.66,0],[0,0],[0,-1.66],[0,0],[1.66,0],[0,0],[0,1.66],[0,0]],"o":[[0,0],[1.66,0],[0,0],[0,1.66],[0,0],[-1.66,0],[0,0],[0,-1.66]],"v":[[-32,-6],[32,-6],[35,-3],[35,3],[32,6],[-32,6],[-35,3],[-35,-3]],"c":true},"ix":2},"nm":"Path 1","mn":"ADBE Vector Shape - Group","hd":false},{"ty":"mm","mm":4,"nm":"Merge Paths 1","mn":"ADBE Vector Filter - Merge","hd":false},{"ty":"fl","c":{"a":0,"k":[1,1,1,1],"ix":4},"o":{"a":0,"k":100,"ix":5},"r":1,"bm":0,"nm":"Fill 1","mn":"ADBE Vector Graphic - Fill","hd":false},{"ty":"tr","p":{"a":0,"k":[60.25,62.25],"ix":2},"a":{"a":0,"k":[0,0],"ix":1},"s":{"a":0,"k":[100,100],"ix":3},"r":{"a":0,"k":0,"ix":6},"o":{"a":0,"k":100,"ix":7},"sk":{"a":0,"k":0,"ix":4},"sa":{"a":0,"k":0,"ix":5},"nm":"Transform"}],"nm":"Group 6","np":3,"cix":2,"bm":0,"ix":6,"mn":"ADBE Vector Group","hd":false},{"ty":"gr","it":[{"ty":"gr","it":[{"ind":0,"ty":"sh","ix":1,"ks":{"a":0,"k":{"i":[[0,1.88],[-1.34,1.34],[-1.9,0],[-1.339,-1.32],[0,0],[0.71,-0.7],[0,0],[0,0],[0.72,-0.72],[-0.721,-0.72],[0,0],[0,0],[0,0],[0.72,-0.72],[-0.72,-0.72],[0,0],[0,0],[2.27,0],[2.05,-2.04],[0,-2.88],[-2.02,-2.03],[0,0]],"o":[[0,-1.9],[1.35,-1.34],[1.889,0],[0,0],[-0.72,-0.68],[0,0],[0,0],[-0.72,-0.72],[-0.721,0.71],[0,0],[0,0],[0,0],[-0.71,-0.72],[-0.72,0.71],[0,0],[0,0],[-1.81,-1.27],[-2.88,0],[-2.04,2.03],[0,2.86],[0,0],[-1.32,-1.34]],"v":[[-15.035,10.915],[-12.955,5.885],[-7.915,3.805],[-2.906,5.855],[18.715,-15.705],[16.145,-15.675],[14.275,-13.805],[10.295,-17.775],[7.695,-17.775],[7.695,-15.185],[11.674,-11.215],[7.935,-7.485],[6.065,-9.345],[3.465,-9.345],[3.465,-6.755],[5.335,-4.895],[-1.685,2.105],[-7.915,0.135],[-15.555,3.295],[-18.715,10.915],[-15.585,18.495],[-12.985,15.905]],"c":true},"ix":2},"nm":"Path 1","mn":"ADBE Vector Shape - Group","hd":false},{"ty":"mm","mm":4,"nm":"Merge Paths 1","mn":"ADBE Vector Filter - Merge","hd":false},{"ty":"fl","c":{"a":0,"k":[1,0.921568687289,0.286274509804,1],"ix":4},"o":{"a":0,"k":100,"ix":5},"r":1,"bm":0,"nm":"Fill 1","mn":"ADBE Vector Graphic - Fill","hd":false},{"ty":"tr","p":{"a":0,"k":[57.965,28.565],"ix":2},"a":{"a":0,"k":[0,0],"ix":1},"s":{"a":0,"k":[100,100],"ix":3},"r":{"a":0,"k":0,"ix":6},"o":{"a":0,"k":100,"ix":7},"sk":{"a":0,"k":0,"ix":4},"sa":{"a":0,"k":0,"ix":5},"nm":"Transform"}],"nm":"Group 7","np":3,"cix":2,"bm":0,"ix":1,"mn":"ADBE Vector Group","hd":false},{"ty":"gr","it":[{"ind":0,"ty":"sh","ix":1,"ks":{"a":0,"k":{"i":[[0.72,0.72],[0,0],[0.71,-0.7],[0,0],[0,0],[0.72,-0.72],[-0.721,-0.72],[0,0],[0,0],[0,0],[0.72,-0.72],[-0.72,-0.72],[0,0],[0,0],[2.27,0],[2.05,-2.04],[0,-2.88],[-2.02,-2.03],[0,0],[-2.88,0],[-2.039,2.04],[0,2.87],[1.28,1.8],[0,0],[0,0],[0,0],[0,0],[0,0],[0,0],[0,0]],"o":[[0,0],[-0.72,-0.68],[0,0],[0,0],[-0.72,-0.72],[-0.721,0.71],[0,0],[0,0],[0,0],[-0.71,-0.72],[-0.72,0.71],[0,0],[0,0],[-1.81,-1.27],[-2.88,0],[-2.04,2.03],[0,2.86],[0,0],[2.05,2.04],[2.889,0],[2.041,-2.03],[0,-2.26],[0,0],[0,0],[0,0],[0,0],[0,0],[0,0],[0,0],[0.72,-0.72]],"v":[[18.37,-17.27],[18.34,-17.3],[15.77,-17.27],[13.9,-15.4],[9.92,-19.37],[7.32,-19.37],[7.32,-16.78],[11.3,-12.81],[7.56,-9.08],[5.69,-10.94],[3.09,-10.94],[3.09,-8.35],[4.96,-6.49],[-2.06,0.51],[-8.29,-1.46],[-15.93,1.7],[-19.09,9.32],[-15.96,16.9],[-15.93,16.93],[-8.29,20.09],[-0.651,16.93],[2.52,9.32],[0.54,3.11],[8.849,-5.18],[8.86,-5.19],[8.88,-5.2],[15.18,-11.49],[15.2,-11.51],[15.22,-11.53],[18.37,-14.67]],"c":true},"ix":2},"nm":"Path 1","mn":"ADBE Vector Shape - Group","hd":false},{"ind":1,"ty":"sh","ix":2,"ks":{"a":0,"k":{"i":[[1.349,-1.34],[1.91,0],[1.35,1.34],[0,0],[0,1.88],[-1.34,1.34],[-1.9,0],[-1.34,-1.32],[0,0],[0,-1.9]],"o":[[-1.34,1.34],[-1.9,0],[0,0],[-1.32,-1.34],[0,-1.9],[1.35,-1.34],[1.889,0],[0,0],[1.349,1.34],[0,1.89]],"v":[[-3.25,14.34],[-8.29,16.42],[-13.33,14.34],[-13.36,14.31],[-15.41,9.32],[-13.33,4.29],[-8.29,2.21],[-3.28,4.26],[-3.25,4.29],[-1.16,9.32]],"c":true},"ix":2},"nm":"Path 2","mn":"ADBE Vector Shape - Group","hd":false},{"ty":"mm","mm":1,"nm":"Merge Paths 1","mn":"ADBE Vector Filter - Merge","hd":false},{"ty":"mm","mm":4,"nm":"Merge Paths 2","mn":"ADBE Vector Filter - Merge","hd":false},{"ty":"fl","c":{"a":0,"k":[1,0.713725490196,0.333333333333,1],"ix":4},"o":{"a":0,"k":100,"ix":5},"r":1,"bm":0,"nm":"Fill 1","mn":"ADBE Vector Graphic - Fill","hd":false},{"ty":"tr","p":{"a":0,"k":[58.34,30.16],"ix":2},"a":{"a":0,"k":[0,0],"ix":1},"s":{"a":0,"k":[100,100],"ix":3},"r":{"a":0,"k":0,"ix":6},"o":{"a":0,"k":100,"ix":7},"sk":{"a":0,"k":0,"ix":4},"sa":{"a":0,"k":0,"ix":5},"nm":"Transform"}],"nm":"Group 8","np":5,"cix":2,"bm":0,"ix":2,"mn":"ADBE Vector Group","hd":false},{"ty":"tr","p":{"a":0,"k":[59.25,29.25],"ix":2},"a":{"a":0,"k":[59.25,29.25],"ix":1},"s":{"a":0,"k":[100,100],"ix":3},"r":{"a":1,"k":[{"i":{"x":[0.667],"y":[1]},"o":{"x":[0.984],"y":[0]},"t":0,"s":[0]},{"t":10,"s":[20]}],"ix":6,"x":"var $bm_rt;\n$bm_rt = loopOut('pingpong');"},"o":{"a":0,"k":100,"ix":7},"sk":{"a":0,"k":0,"ix":4},"sa":{"a":0,"k":0,"ix":5},"nm":"Transform"}],"nm":"key","np":2,"cix":2,"bm":0,"ix":7,"mn":"ADBE Vector Group","hd":false},{"ty":"gr","it":[{"ind":0,"ty":"sh","ix":1,"ks":{"a":0,"k":{"i":[[0,0],[0,0],[0,0],[0,0]],"o":[[0,0],[0,0],[0,0],[0,0]],"v":[[-54,-33.5],[54,-33.5],[54,33.5],[-54,33.5]],"c":true},"ix":2},"nm":"Path 1","mn":"ADBE Vector Shape - Group","hd":false},{"ty":"fl","c":{"a":0,"k":[0,0,0,1],"ix":4},"o":{"a":0,"k":100,"ix":5},"r":1,"bm":0,"nm":"Fill 1","mn":"ADBE Vector Graphic - Fill","hd":false},{"ty":"tr","p":{"a":0,"k":[60.25,40.75],"ix":2},"a":{"a":0,"k":[0,0],"ix":1},"s":{"a":0,"k":[100,100],"ix":3},"r":{"a":0,"k":0,"ix":6},"o":{"a":0,"k":100,"ix":7},"sk":{"a":0,"k":0,"ix":4},"sa":{"a":0,"k":0,"ix":5},"nm":"Transform"}],"nm":"Group 10","np":2,"cix":2,"bm":0,"ix":8,"mn":"ADBE Vector Group","hd":false},{"ty":"gr","it":[{"ind":0,"ty":"sh","ix":1,"ks":{"a":0,"k":{"i":[[0,1.49],[-1.5,0],[0,-1.49],[1.489,0]],"o":[[0,-1.49],[1.489,0],[0,1.49],[-1.5,0]],"v":[[-2.705,0],[0.006,-2.7],[2.705,0],[0.006,2.7]],"c":true},"ix":2},"nm":"Path 1","mn":"ADBE Vector Shape - Group","hd":false},{"ty":"mm","mm":4,"nm":"Merge Paths 1","mn":"ADBE Vector Filter - Merge","hd":false},{"ty":"fl","c":{"a":0,"k":[0.274509803922,0.349019607843,0.384313755409,1],"ix":4},"o":{"a":0,"k":100,"ix":5},"r":1,"bm":0,"nm":"Fill 1","mn":"ADBE Vector Graphic - Fill","hd":false},{"ty":"tr","p":{"a":0,"k":[60.395,79.85],"ix":2},"a":{"a":0,"k":[0,0],"ix":1},"s":{"a":0,"k":[100,100],"ix":3},"r":{"a":0,"k":0,"ix":6},"o":{"a":0,"k":100,"ix":7},"sk":{"a":0,"k":0,"ix":4},"sa":{"a":0,"k":0,"ix":5},"nm":"Transform"}],"nm":"Group 11","np":3,"cix":2,"bm":0,"ix":9,"mn":"ADBE Vector Group","hd":false},{"ty":"gr","it":[{"ind":0,"ty":"sh","ix":1,"ks":{"a":0,"k":{"i":[[0,0],[0,3.04],[0,0],[0,0],[0,0],[3.01,0]],"o":[[-3.01,0],[0,0],[0,0],[0,0],[0,3.04],[0,0]],"v":[[-54.55,5.5],[-60,0],[-60,-5.5],[60,-5.5],[60,0],[54.55,5.5]],"c":true},"ix":2},"nm":"Path 1","mn":"ADBE Vector Shape - Group","hd":false},{"ty":"mm","mm":4,"nm":"Merge Paths 1","mn":"ADBE Vector Filter - Merge","hd":false},{"ty":"fl","c":{"a":0,"k":[0.756862804936,0.792156922583,0.807843197093,1],"ix":4},"o":{"a":0,"k":100,"ix":5},"r":1,"bm":0,"nm":"Fill 1","mn":"ADBE Vector Graphic - Fill","hd":false},{"ty":"tr","p":{"a":0,"k":[60.25,79.75],"ix":2},"a":{"a":0,"k":[0,0],"ix":1},"s":{"a":0,"k":[100,100],"ix":3},"r":{"a":0,"k":0,"ix":6},"o":{"a":0,"k":100,"ix":7},"sk":{"a":0,"k":0,"ix":4},"sa":{"a":0,"k":0,"ix":5},"nm":"Transform"}],"nm":"Group 12","np":3,"cix":2,"bm":0,"ix":10,"mn":"ADBE Vector Group","hd":false},{"ty":"gr","it":[{"ind":0,"ty":"sh","ix":1,"ks":{"a":0,"k":{"i":[[0,0],[0,-3.01],[0,0],[0,0],[0,0],[3.01,0]],"o":[[-3.01,0],[0,0],[0,0],[0,0],[0,-3.01],[0,0]],"v":[[-54.55,-37.5],[-60,-32.05],[-60,37.5],[60,37.5],[60,-32.05],[54.55,-37.5]],"c":true},"ix":2},"nm":"Path 1","mn":"ADBE Vector Shape - Group","hd":false},{"ty":"mm","mm":4,"nm":"Merge Paths 1","mn":"ADBE Vector Filter - Merge","hd":false},{"ty":"fl","c":{"a":0,"k":[0.278431372549,0.325490196078,0.356862745098,1],"ix":4},"o":{"a":0,"k":100,"ix":5},"r":1,"bm":0,"nm":"Fill 1","mn":"ADBE Vector Graphic - Fill","hd":false},{"ty":"tr","p":{"a":0,"k":[60.25,37.75],"ix":2},"a":{"a":0,"k":[0,0],"ix":1},"s":{"a":0,"k":[100,100],"ix":3},"r":{"a":0,"k":0,"ix":6},"o":{"a":0,"k":100,"ix":7},"sk":{"a":0,"k":0,"ix":4},"sa":{"a":0,"k":0,"ix":5},"nm":"Transform"}],"nm":"Group 13","np":3,"cix":2,"bm":0,"ix":11,"mn":"ADBE Vector Group","hd":false},{"ty":"gr","it":[{"ind":0,"ty":"sh","ix":1,"ks":{"a":0,"k":{"i":[[0,0],[0,0],[0,0],[0,0]],"o":[[0,0],[0,0],[0,0],[0,0]],"v":[[31.5,-5.5],[-20.12,-5.5],[-31.5,5.5],[18.37,5.5]],"c":true},"ix":2},"nm":"Path 1","mn":"ADBE Vector Shape - Group","hd":false},{"ty":"mm","mm":4,"nm":"Merge Paths 1","mn":"ADBE Vector Filter - Merge","hd":false},{"ty":"fl","c":{"a":0,"k":[0.764705942191,0.803921628466,0.819607902976,1],"ix":4},"o":{"a":0,"k":100,"ix":5},"r":1,"bm":0,"nm":"Fill 1","mn":"ADBE Vector Graphic - Fill","hd":false},{"ty":"tr","p":{"a":0,"k":[45.75,99.75],"ix":2},"a":{"a":0,"k":[0,0],"ix":1},"s":{"a":0,"k":[100,100],"ix":3},"r":{"a":0,"k":0,"ix":6},"o":{"a":0,"k":100,"ix":7},"sk":{"a":0,"k":0,"ix":4},"sa":{"a":0,"k":0,"ix":5},"nm":"Transform"}],"nm":"Group 14","np":3,"cix":2,"bm":0,"ix":12,"mn":"ADBE Vector Group","hd":false},{"ty":"gr","it":[{"ind":0,"ty":"sh","ix":1,"ks":{"a":0,"k":{"i":[[0,0],[0,0],[0,0],[-5.54,0],[7.38,-0.88]],"o":[[0,0],[0,0],[0,0],[5.54,0],[0,0]],"v":[[-9.92,3.76],[-9.92,6.42],[-0.231,-0.22],[3.92,6.42],[2.54,-5.54]],"c":true},"ix":2},"nm":"Path 1","mn":"ADBE Vector Shape - Group","hd":false},{"ty":"mm","mm":4,"nm":"Merge Paths 1","mn":"ADBE Vector Filter - Merge","hd":false},{"ty":"fl","c":{"a":0,"k":[0.36862745098,0.427451010311,0.454901990704,1],"ix":4},"o":{"a":0,"k":100,"ix":5},"r":1,"bm":0,"nm":"Fill 1","mn":"ADBE Vector Graphic - Fill","hd":false},{"ty":"tr","p":{"a":0,"k":[75.17,99.83],"ix":2},"a":{"a":0,"k":[0,0],"ix":1},"s":{"a":0,"k":[100,100],"ix":3},"r":{"a":0,"k":0,"ix":6},"o":{"a":0,"k":100,"ix":7},"sk":{"a":0,"k":0,"ix":4},"sa":{"a":0,"k":0,"ix":5},"nm":"Transform"}],"nm":"Group 15","np":3,"cix":2,"bm":0,"ix":13,"mn":"ADBE Vector Group","hd":false},{"ty":"gr","it":[{"ty":"fl","c":{"a":0,"k":[0.254901960784,0.345098039216,0.407843167174,1],"ix":4},"o":{"a":0,"k":100,"ix":5},"r":1,"bm":0,"nm":"Fill 1","mn":"ADBE Vector Graphic - Fill","hd":false},{"ty":"tr","p":{"a":0,"k":[39.75,105.749],"ix":2},"a":{"a":0,"k":[0,0],"ix":1},"s":{"a":0,"k":[100,100],"ix":3},"r":{"a":0,"k":0,"ix":6},"o":{"a":0,"k":100,"ix":7},"sk":{"a":0,"k":0,"ix":4},"sa":{"a":0,"k":0,"ix":5},"nm":"Transform"}],"nm":"Group 16","np":3,"cix":2,"bm":0,"ix":14,"mn":"ADBE Vector Group","hd":false},{"ty":"gr","it":[{"ty":"fl","c":{"a":0,"k":[0.254901960784,0.345098039216,0.407843167174,1],"ix":4},"o":{"a":0,"k":100,"ix":5},"r":1,"bm":0,"nm":"Fill 1","mn":"ADBE Vector Graphic - Fill","hd":false},{"ty":"tr","p":{"a":0,"k":[72.25,102.249],"ix":2},"a":{"a":0,"k":[0,0],"ix":1},"s":{"a":0,"k":[100,100],"ix":3},"r":{"a":0,"k":0,"ix":6},"o":{"a":0,"k":100,"ix":7},"sk":{"a":0,"k":0,"ix":4},"sa":{"a":0,"k":0,"ix":5},"nm":"Transform"}],"nm":"Group 17","np":3,"cix":2,"bm":0,"ix":15,"mn":"ADBE Vector Group","hd":false},{"ty":"gr","it":[{"ind":0,"ty":"sh","ix":1,"ks":{"a":0,"k":{"i":[[0,0],[0,0],[5.38,-0.449],[0,0],[0,0]],"o":[[0,0],[0,0],[0,0],[0,0],[0,0]],"v":[[12.095,-10.825],[17.475,5.415],[14.785,10.825],[-13.445,10.825],[-20.165,-10.825]],"c":true},"ix":2},"nm":"Path 1","mn":"ADBE Vector Shape - Group","hd":false},{"ty":"mm","mm":4,"nm":"Merge Paths 1","mn":"ADBE Vector Filter - Merge","hd":false},{"ty":"fl","c":{"a":0,"k":[0.564705882353,0.596078431373,0.61568627451,1],"ix":4},"o":{"a":0,"k":100,"ix":5},"r":1,"bm":0,"nm":"Fill 1","mn":"ADBE Vector Graphic - Fill","hd":false},{"ty":"tr","p":{"a":0,"k":[75.415,93.075],"ix":2},"a":{"a":0,"k":[0,0],"ix":1},"s":{"a":0,"k":[100,100],"ix":3},"r":{"a":0,"k":0,"ix":6},"o":{"a":0,"k":100,"ix":7},"sk":{"a":0,"k":0,"ix":4},"sa":{"a":0,"k":0,"ix":5},"nm":"Transform"}],"nm":"Group 18","np":3,"cix":2,"bm":0,"ix":16,"mn":"ADBE Vector Group","hd":false},{"ty":"gr","it":[{"ind":0,"ty":"sh","ix":1,"ks":{"a":0,"k":{"i":[[0,0],[0,0],[5.38,-0.45],[0,0],[0,0]],"o":[[0,0],[0,0],[0,0],[0,0],[0,0]],"v":[[12.096,-10.825],[17.476,5.415],[14.785,10.825],[-13.444,10.825],[-20.165,-10.825]],"c":true},"ix":2},"nm":"Path 1","mn":"ADBE Vector Shape - Group","hd":false},{"ty":"mm","mm":4,"nm":"Merge Paths 1","mn":"ADBE Vector Filter - Merge","hd":false},{"ty":"fl","c":{"a":0,"k":[0.254901960784,0.345098039216,0.407843167174,1],"ix":4},"o":{"a":0,"k":100,"ix":5},"r":1,"bm":0,"nm":"Fill 1","mn":"ADBE Vector Graphic - Fill","hd":false},{"ty":"tr","p":{"a":0,"k":[78.104,94.425],"ix":2},"a":{"a":0,"k":[0,0],"ix":1},"s":{"a":0,"k":[100,100],"ix":3},"r":{"a":0,"k":0,"ix":6},"o":{"a":0,"k":100,"ix":7},"sk":{"a":0,"k":0,"ix":4},"sa":{"a":0,"k":0,"ix":5},"nm":"Transform"}],"nm":"Group 19","np":3,"cix":2,"bm":0,"ix":17,"mn":"ADBE Vector Group","hd":false}],"ip":0,"op":120,"st":0,"bm":0},{"ddd":0,"ind":7,"ty":4,"nm":"icon Outlines","sr":1,"ks":{"o":{"a":0,"k":100,"ix":11},"r":{"a":0,"k":0,"ix":10},"p":{"a":0,"k":[107.106,34.021,0],"ix":2,"l":2},"a":{"a":0,"k":[15.25,15.25,0],"ix":1,"l":2},"s":{"a":1,"k":[{"i":{"x":[0.667,0.667,0.667],"y":[1,1,1]},"o":{"x":[0.787,0.787,0.333],"y":[0,0,0]},"t":0,"s":[100,100,100]},{"t":10,"s":[90,90,100]}],"ix":6,"x":"var $bm_rt;\n$bm_rt = loopOut('pingpong');","l":2}},"ao":0,"shapes":[{"ty":"gr","it":[{"ind":0,"ty":"sh","ix":1,"ks":{"a":0,"k":{"i":[[0.28,0.03],[0,0],[0.34,0.6],[0,0],[0.19,0.19],[0,0],[0.22,-0.17],[0,0],[0.68,0.18],[0,0],[0.27,0],[0,0],[0.03,-0.28],[0,0],[0.59,-0.34],[0,0],[0.19,-0.2],[0,0],[-0.17,-0.22],[0,0],[0.18,-0.68],[0,0],[0,-0.27],[0,0],[-0.28,-0.03],[0,0],[-0.34,-0.59],[0,0],[-0.19,-0.19],[0,0],[-0.21,0.17],[0,0],[-0.68,-0.18],[0,0],[-0.27,0],[0,0],[-0.03,0.28],[0,0],[-0.59,0.34],[0,0],[-0.19,0.2],[0,0],[0.17,0.22],[0,0],[-0.18,0.68],[0,0],[0,0.28],[0,0]],"o":[[0,0],[-0.18,-0.68],[0,0],[0.16,-0.21],[0,0],[-0.19,-0.2],[0,0],[-0.6,-0.34],[0,0],[-0.03,-0.28],[0,0],[-0.28,0],[0,0],[-0.68,0.18],[0,0],[-0.21,-0.17],[0,0],[-0.2,0.19],[0,0],[-0.34,0.59],[0,0],[-0.28,0.03],[0,0],[0,0.28],[0,0],[0.18,0.67],[0,0],[-0.16,0.21],[0,0],[0.19,0.2],[0,0],[0.59,0.34],[0,0],[0.03,0.28],[0,0],[0.27,0],[0,0],[0.68,-0.18],[0,0],[0.21,0.17],[0,0],[0.2,-0.19],[0,0],[0.34,-0.59],[0,0],[0.28,-0.03],[0,0],[0,-0.28]],"v":[[9.5,-1.86],[7.72,-2.07],[6.93,-4],[8.04,-5.41],[7.99,-6.15],[6.15,-7.99],[5.4,-8.04],[3.99,-6.93],[2.07,-7.72],[1.86,-9.5],[1.3,-10],[-1.3,-10],[-1.86,-9.5],[-2.07,-7.72],[-3.99,-6.93],[-5.41,-8.04],[-6.15,-7.99],[-7.99,-6.15],[-8.04,-5.4],[-6.93,-3.99],[-7.72,-2.07],[-9.5,-1.86],[-10,-1.3],[-10,1.3],[-9.5,1.86],[-7.72,2.08],[-6.93,3.99],[-8.04,5.41],[-7.99,6.15],[-6.15,7.99],[-5.41,8.04],[-3.99,6.93],[-2.07,7.72],[-1.86,9.5],[-1.3,10],[1.3,10],[1.86,9.5],[2.07,7.72],[3.99,6.93],[5.41,8.04],[6.15,7.99],[7.99,6.15],[8.04,5.4],[6.93,3.99],[7.72,2.07],[9.5,1.86],[10,1.3],[10,-1.3]],"c":true},"ix":2},"nm":"Path 1","mn":"ADBE Vector Shape - Group","hd":false},{"ind":1,"ty":"sh","ix":2,"ks":{"a":0,"k":{"i":[[2.76,0],[0,2.76],[-2.76,0],[0,-2.76]],"o":[[-2.76,0],[0,-2.76],[2.76,0],[0,2.76]],"v":[[0,5],[-5,0],[0,-5],[5,0]],"c":true},"ix":2},"nm":"Path 2","mn":"ADBE Vector Shape - Group","hd":false},{"ty":"mm","mm":1,"nm":"Merge Paths 1","mn":"ADBE Vector Filter - Merge","hd":false},{"ty":"mm","mm":4,"nm":"Merge Paths 2","mn":"ADBE Vector Filter - Merge","hd":false},{"ty":"fl","c":{"a":0,"k":[1,1,1,1],"ix":4},"o":{"a":0,"k":100,"ix":5},"r":1,"bm":0,"nm":"Fill 1","mn":"ADBE Vector Graphic - Fill","hd":false},{"ty":"tr","p":{"a":0,"k":[15.25,15.25],"ix":2},"a":{"a":0,"k":[0,0],"ix":1},"s":{"a":0,"k":[100,100],"ix":3},"r":{"a":0,"k":0,"ix":6},"o":{"a":0,"k":100,"ix":7},"sk":{"a":0,"k":0,"ix":4},"sa":{"a":0,"k":0,"ix":5},"nm":"Transform"}],"nm":"Group 1","np":5,"cix":2,"bm":0,"ix":1,"mn":"ADBE Vector Group","hd":false},{"ty":"gr","it":[{"ind":0,"ty":"sh","ix":1,"ks":{"a":0,"k":{"i":[[-8.28,0],[0,-8.28],[8.28,0],[0,8.28]],"o":[[8.28,0],[0,8.28],[-8.28,0],[0,-8.28]],"v":[[0,-15],[15,0],[0,15],[-15,0]],"c":true},"ix":2},"nm":"Path 1","mn":"ADBE Vector Shape - Group","hd":false},{"ty":"mm","mm":4,"nm":"Merge Paths 1","mn":"ADBE Vector Filter - Merge","hd":false},{"ty":"fl","c":{"a":0,"k":[0.862745157878,0.882353001015,0.89019613827,1],"ix":4},"o":{"a":0,"k":100,"ix":5},"r":1,"bm":0,"nm":"Fill 1","mn":"ADBE Vector Graphic - Fill","hd":false},{"ty":"tr","p":{"a":0,"k":[15.25,15.25],"ix":2},"a":{"a":0,"k":[0,0],"ix":1},"s":{"a":0,"k":[100,100],"ix":3},"r":{"a":0,"k":0,"ix":6},"o":{"a":0,"k":100,"ix":7},"sk":{"a":0,"k":0,"ix":4},"sa":{"a":0,"k":0,"ix":5},"nm":"Transform"}],"nm":"Group 2","np":3,"cix":2,"bm":0,"ix":2,"mn":"ADBE Vector Group","hd":false}],"ip":0,"op":120,"st":0,"bm":0},{"ddd":0,"ind":8,"ty":4,"nm":"icon Outlines","sr":1,"ks":{"o":{"a":0,"k":100,"ix":11},"r":{"a":0,"k":0,"ix":10},"p":{"a":0,"k":[32.106,59.021,0],"ix":2,"l":2},"a":{"a":0,"k":[12.25,12.25,0],"ix":1,"l":2},"s":{"a":1,"k":[{"i":{"x":[0.667,0.667,0.667],"y":[1,1,1]},"o":{"x":[0.787,0.787,0.333],"y":[0,0,0]},"t":0,"s":[100,100,100]},{"t":10,"s":[90,90,100]}],"ix":6,"x":"var $bm_rt;\n$bm_rt = loopOut('pingpong');","l":2}},"ao":0,"shapes":[{"ty":"gr","it":[{"ind":0,"ty":"sh","ix":1,"ks":{"a":0,"k":{"i":[[0.71,0],[0,0],[3.42,0],[0.29,-3.61],[0,0],[0,-0.71],[0,0],[-0.71,0],[0,0],[0,0.71],[0,0],[0.71,0],[0,0],[-3.03,0],[-0.29,-3.21],[0,0],[0,-0.71],[0,0],[-0.59,-0.12],[0,0],[0.54,-0.66],[0.95,-0.12],[0.31,0],[0,0],[0,-0.49],[-0.49,0],[0,0],[-0.09,0.39],[-0.56,0.68],[0.02,0.55],[0,0],[0,0.71],[0,0]],"o":[[0,0],[-0.29,-3.61],[-3.42,0],[0,0],[-0.71,0],[0,0],[0,0.71],[0,0],[0.71,0],[0,0],[0,-0.71],[0,0],[0.28,-3.21],[3.03,0],[0,0],[-0.71,0],[0,0],[0,0.61],[0,0],[0.02,0.42],[-0.45,0.54],[-0.16,-0.25],[0,0],[-0.49,0],[0,0.5],[0,0],[0.41,0],[1.12,-0.14],[0.66,-0.82],[0,0],[0.71,0],[0,0],[0,-0.71]],"v":[[6.72,-2.75],[6.45,-2.75],[-0.07,-9.2],[-6.59,-2.75],[-6.72,-2.75],[-8,-1.45],[-8,3.64],[-6.72,4.93],[-5.34,4.93],[-4.06,3.64],[-4.06,-1.45],[-5.34,-2.75],[-5.89,-2.75],[-0.07,-8.49],[5.75,-2.75],[5.34,-2.75],[4.06,-1.45],[4.06,3.64],[5.08,4.91],[5.7,4.93],[5.14,6.83],[3.04,7.82],[2.3,7.41],[0.96,7.41],[0.08,8.3],[0.96,9.2],[2.3,9.2],[3.15,8.52],[5.69,7.28],[6.41,4.93],[6.72,4.93],[8,3.64],[8,-1.45]],"c":true},"ix":2},"nm":"Path 1","mn":"ADBE Vector Shape - Group","hd":false},{"ty":"fl","c":{"a":0,"k":[1,1,1,1],"ix":4},"o":{"a":0,"k":100,"ix":5},"r":1,"bm":0,"nm":"Fill 1","mn":"ADBE Vector Graphic - Fill","hd":false},{"ty":"tr","p":{"a":0,"k":[12.25,12.25],"ix":2},"a":{"a":0,"k":[0,0],"ix":1},"s":{"a":0,"k":[100,100],"ix":3},"r":{"a":0,"k":0,"ix":6},"o":{"a":0,"k":100,"ix":7},"sk":{"a":0,"k":0,"ix":4},"sa":{"a":0,"k":0,"ix":5},"nm":"Transform"}],"nm":"Group 1","np":4,"cix":2,"bm":0,"ix":1,"mn":"ADBE Vector Group","hd":false},{"ty":"gr","it":[{"ind":0,"ty":"sh","ix":1,"ks":{"a":0,"k":{"i":[[-6.63,0],[0,-6.63],[6.63,0],[0,6.63]],"o":[[6.63,0],[0,6.63],[-6.63,0],[0,-6.63]],"v":[[0,-12],[12,0],[0,12],[-12,0]],"c":true},"ix":2},"nm":"Path 1","mn":"ADBE Vector Shape - Group","hd":false},{"ty":"fl","c":{"a":0,"k":[0.862745157878,0.882353001015,0.89019613827,1],"ix":4},"o":{"a":0,"k":100,"ix":5},"r":1,"bm":0,"nm":"Fill 1","mn":"ADBE Vector Graphic - Fill","hd":false},{"ty":"tr","p":{"a":0,"k":[12.25,12.25],"ix":2},"a":{"a":0,"k":[0,0],"ix":1},"s":{"a":0,"k":[100,100],"ix":3},"r":{"a":0,"k":0,"ix":6},"o":{"a":0,"k":100,"ix":7},"sk":{"a":0,"k":0,"ix":4},"sa":{"a":0,"k":0,"ix":5},"nm":"Transform"}],"nm":"Group 2","np":4,"cix":2,"bm":0,"ix":2,"mn":"ADBE Vector Group","hd":false}],"ip":0,"op":120,"st":0,"bm":0},{"ddd":0,"ind":9,"ty":4,"nm":"icon Outlines","sr":1,"ks":{"o":{"a":0,"k":100,"ix":11},"r":{"a":0,"k":0,"ix":10},"p":{"a":0,"k":[72.106,108.021,0],"ix":2,"l":2},"a":{"a":0,"k":[17.25,17.25,0],"ix":1,"l":2},"s":{"a":1,"k":[{"i":{"x":[0.667,0.667,0.667],"y":[1,1,1]},"o":{"x":[0.787,0.787,0.333],"y":[0,0,0]},"t":0,"s":[100,100,100]},{"t":10,"s":[90,90,100]}],"ix":6,"x":"var $bm_rt;\n$bm_rt = loopOut('pingpong');","l":2}},"ao":0,"shapes":[{"ty":"gr","it":[{"ind":0,"ty":"sh","ix":1,"ks":{"a":0,"k":{"i":[[0,0],[0,0],[0,0],[0,0]],"o":[[0,0],[0,0],[0,0],[0,0]],"v":[[-1.62,1.781],[1.62,1.781],[1.62,-1.781],[-1.62,-1.781]],"c":true},"ix":2},"nm":"Path 1","mn":"ADBE Vector Shape - Group","hd":false},{"ty":"fl","c":{"a":0,"k":[1,1,1,1],"ix":4},"o":{"a":0,"k":100,"ix":5},"r":1,"bm":0,"nm":"Fill 1","mn":"ADBE Vector Graphic - Fill","hd":false},{"ty":"tr","p":{"a":0,"k":[17.078,28.219],"ix":2},"a":{"a":0,"k":[0,0],"ix":1},"s":{"a":0,"k":[100,100],"ix":3},"r":{"a":0,"k":0,"ix":6},"o":{"a":0,"k":100,"ix":7},"sk":{"a":0,"k":0,"ix":4},"sa":{"a":0,"k":0,"ix":5},"nm":"Transform"}],"nm":"Group 1","np":4,"cix":2,"bm":0,"ix":1,"mn":"ADBE Vector Group","hd":false},{"ty":"gr","it":[{"ind":0,"ty":"sh","ix":1,"ks":{"a":0,"k":{"i":[[1.29,1.28],[2.13,0],[1.32,-1.49],[0.19,-1.895],[-0.668,0],[0,0],[-0.057,0.573],[-0.295,0.599],[-1.82,0],[-0.64,-0.82],[0,-1.119],[0.43,-0.74],[0.39,-0.39],[0,0],[0.37,-1],[0,-1.63],[0,0],[-0.3,0.75],[-1.04,1.06],[-0.47,0.76],[0,1.21]],"o":[[-1.27,-1.29],[-2.3,0],[-1.089,1.246],[-0.067,0.665],[0,0],[0.576,0],[0.099,-0.992],[0.69,-1.42],[1.46,0],[0.62,0.82],[0,0.8],[-0.24,0.42],[0,0],[-1.25,1.299],[-0.37,1],[0,0],[0,-1.44],[0.3,-0.73],[1.43,-1.46],[0.46,-0.75],[0,-2]],"v":[[5.298,-7.615],[0.188,-9.545],[-5.242,-7.295],[-7.161,-2.594],[-6.038,-1.344],[-5.383,-1.344],[-4.27,-2.361],[-3.672,-4.745],[0.078,-6.875],[3.218,-5.635],[4.158,-2.725],[3.508,-0.415],[2.578,0.805],[1.278,2.156],[-1.142,5.595],[-1.692,9.545],[1.188,9.545],[1.658,6.275],[3.678,3.585],[6.528,0.255],[7.228,-2.685]],"c":true},"ix":2},"nm":"Path 1","mn":"ADBE Vector Shape - Group","hd":false},{"ty":"fl","c":{"a":0,"k":[1,1,1,1],"ix":4},"o":{"a":0,"k":100,"ix":5},"r":1,"bm":0,"nm":"Fill 1","mn":"ADBE Vector Graphic - Fill","hd":false},{"ty":"tr","p":{"a":0,"k":[17.22,14.045],"ix":2},"a":{"a":0,"k":[0,0],"ix":1},"s":{"a":0,"k":[100,100],"ix":3},"r":{"a":0,"k":0,"ix":6},"o":{"a":0,"k":100,"ix":7},"sk":{"a":0,"k":0,"ix":4},"sa":{"a":0,"k":0,"ix":5},"nm":"Transform"}],"nm":"Group 2","np":4,"cix":2,"bm":0,"ix":2,"mn":"ADBE Vector Group","hd":false},{"ty":"gr","it":[{"ind":0,"ty":"sh","ix":1,"ks":{"a":0,"k":{"i":[[-9.39,0],[0,-9.391],[9.39,0],[0,9.39]],"o":[[9.39,0],[0,9.39],[-9.39,0],[0,-9.391]],"v":[[0,-17],[17,0],[0,17],[-17,0]],"c":true},"ix":2},"nm":"Path 1","mn":"ADBE Vector Shape - Group","hd":false},{"ty":"fl","c":{"a":0,"k":[0.862745157878,0.882353001015,0.89019613827,1],"ix":4},"o":{"a":0,"k":100,"ix":5},"r":1,"bm":0,"nm":"Fill 1","mn":"ADBE Vector Graphic - Fill","hd":false},{"ty":"tr","p":{"a":0,"k":[17.25,17.25],"ix":2},"a":{"a":0,"k":[0,0],"ix":1},"s":{"a":0,"k":[100,100],"ix":3},"r":{"a":0,"k":0,"ix":6},"o":{"a":0,"k":100,"ix":7},"sk":{"a":0,"k":0,"ix":4},"sa":{"a":0,"k":0,"ix":5},"nm":"Transform"}],"nm":"Group 3","np":4,"cix":2,"bm":0,"ix":3,"mn":"ADBE Vector Group","hd":false}],"ip":0,"op":120,"st":0,"bm":0},{"ddd":0,"ind":10,"ty":4,"nm":"icon Outlines","sr":1,"ks":{"o":{"a":0,"k":100,"ix":11},"r":{"a":0,"k":0,"ix":10},"p":{"a":0,"k":[338.106,48.571,0],"ix":2,"l":2},"a":{"a":0,"k":[18.25,18.25,0],"ix":1,"l":2},"s":{"a":1,"k":[{"i":{"x":[0.667,0.667,0.667],"y":[1,1,1]},"o":{"x":[0.787,0.787,0.333],"y":[0,0,0]},"t":0,"s":[100,100,100]},{"t":10,"s":[90,90,100]}],"ix":6,"x":"var $bm_rt;\n$bm_rt = loopOut('pingpong');","l":2}},"ao":0,"shapes":[{"ty":"gr","it":[{"ind":0,"ty":"sh","ix":1,"ks":{"a":0,"k":{"i":[[0.81,0],[0,0.8],[0,0],[-0.811,0],[0,-0.8],[0,0]],"o":[[-0.811,0],[0,0],[0,-0.8],[0.81,0],[0,0],[0,0.8]],"v":[[0,6.78],[-1.48,5.33],[-1.48,2.42],[0,0.97],[1.479,2.42],[1.479,5.33]],"c":true},"ix":2},"nm":"Path 1","mn":"ADBE Vector Shape - Group","hd":false},{"ind":1,"ty":"sh","ix":2,"ks":{"a":0,"k":{"i":[[0,0],[0,1.67],[0,0],[1.64,0.06],[0,0],[4.06,0],[0,-3.6],[0,0],[0,-1.63],[0,0],[-1.7,0]],"o":[[1.69,0],[0,0],[0,-1.63],[0,0],[0,-3.6],[-4.07,0],[0,0],[-1.65,0.06],[0,0],[0,1.67],[0,0]],"v":[[7.28,12.6],[10.35,9.58],[10.35,0.11],[7.39,-2.9],[7.39,-6.06],[0,-12.6],[-7.39,-6.06],[-7.39,-2.9],[-10.35,0.11],[-10.35,9.58],[-7.28,12.6]],"c":true},"ix":2},"nm":"Path 2","mn":"ADBE Vector Shape - Group","hd":false},{"ind":2,"ty":"sh","ix":3,"ks":{"a":0,"k":{"i":[[0,0],[0,0],[0,0],[-2.99,0],[0,-2.54]],"o":[[0,0],[0,0],[0,-2.54],[2.99,0],[0,0]],"v":[[5.42,-2.91],[-5.42,-2.91],[-5.42,-6.06],[0,-10.66],[5.42,-6.06]],"c":true},"ix":2},"nm":"Path 3","mn":"ADBE Vector Shape - Group","hd":false},{"ty":"mm","mm":1,"nm":"Merge Paths 1","mn":"ADBE Vector Filter - Merge","hd":false},{"ty":"fl","c":{"a":0,"k":[1,1,1,1],"ix":4},"o":{"a":0,"k":100,"ix":5},"r":1,"bm":0,"nm":"Fill 1","mn":"ADBE Vector Graphic - Fill","hd":false},{"ty":"tr","p":{"a":0,"k":[18.25,18.25],"ix":2},"a":{"a":0,"k":[0,0],"ix":1},"s":{"a":0,"k":[100,100],"ix":3},"r":{"a":0,"k":0,"ix":6},"o":{"a":0,"k":100,"ix":7},"sk":{"a":0,"k":0,"ix":4},"sa":{"a":0,"k":0,"ix":5},"nm":"Transform"}],"nm":"Group 1","np":7,"cix":2,"bm":0,"ix":1,"mn":"ADBE Vector Group","hd":false},{"ty":"gr","it":[{"ind":0,"ty":"sh","ix":1,"ks":{"a":0,"k":{"i":[[-9.94,0],[0,-9.94],[9.939,0],[0,9.94]],"o":[[9.939,0],[0,9.94],[-9.94,0],[0,-9.94]],"v":[[0,-18],[18,0],[0,18],[-18,0]],"c":true},"ix":2},"nm":"Path 1","mn":"ADBE Vector Shape - Group","hd":false},{"ty":"fl","c":{"a":0,"k":[0.862745157878,0.882353001015,0.89019613827,1],"ix":4},"o":{"a":0,"k":100,"ix":5},"r":1,"bm":0,"nm":"Fill 1","mn":"ADBE Vector Graphic - Fill","hd":false},{"ty":"tr","p":{"a":0,"k":[18.25,18.25],"ix":2},"a":{"a":0,"k":[0,0],"ix":1},"s":{"a":0,"k":[100,100],"ix":3},"r":{"a":0,"k":0,"ix":6},"o":{"a":0,"k":100,"ix":7},"sk":{"a":0,"k":0,"ix":4},"sa":{"a":0,"k":0,"ix":5},"nm":"Transform"}],"nm":"Group 2","np":4,"cix":2,"bm":0,"ix":2,"mn":"ADBE Vector Group","hd":false}],"ip":0,"op":120,"st":0,"bm":0},{"ddd":0,"ind":11,"ty":4,"nm":"icon Outlines","sr":1,"ks":{"o":{"a":0,"k":100,"ix":11},"r":{"a":0,"k":0,"ix":10},"p":{"a":0,"k":[293.106,91.021,0],"ix":2,"l":2},"a":{"a":0,"k":[15.25,15.25,0],"ix":1,"l":2},"s":{"a":1,"k":[{"i":{"x":[0.667,0.667,0.667],"y":[1,1,1]},"o":{"x":[0.787,0.787,0.333],"y":[0,0,0]},"t":0,"s":[100,100,100]},{"t":10,"s":[90,90,100]}],"ix":6,"x":"var $bm_rt;\n$bm_rt = loopOut('pingpong');","l":2}},"ao":0,"shapes":[{"ty":"gr","it":[{"ind":0,"ty":"sh","ix":1,"ks":{"a":0,"k":{"i":[[0,1.04],[-1.04,0],[0,-1.04],[1.04,0]],"o":[[0,-1.04],[1.04,0],[0,1.04],[-1.04,0]],"v":[[-1.875,0.005],[-0.005,-1.875],[1.875,0.005],[-0.005,1.875]],"c":true},"ix":2},"nm":"Path 1","mn":"ADBE Vector Shape - Group","hd":false},{"ty":"fl","c":{"a":0,"k":[1,1,1,1],"ix":4},"o":{"a":0,"k":100,"ix":5},"r":1,"bm":0,"nm":"Fill 1","mn":"ADBE Vector Graphic - Fill","hd":false},{"ty":"tr","p":{"a":0,"k":[15.255,15.245],"ix":2},"a":{"a":0,"k":[0,0],"ix":1},"s":{"a":0,"k":[100,100],"ix":3},"r":{"a":0,"k":0,"ix":6},"o":{"a":0,"k":100,"ix":7},"sk":{"a":0,"k":0,"ix":4},"sa":{"a":0,"k":0,"ix":5},"nm":"Transform"}],"nm":"Group 1","np":4,"cix":2,"bm":0,"ix":1,"mn":"ADBE Vector Group","hd":false},{"ty":"gr","it":[{"ind":0,"ty":"sh","ix":1,"ks":{"a":0,"k":{"i":[[-6.22,0],[0,-6.22],[6.22,0],[0,6.22]],"o":[[6.2,0],[0,6.2],[-6.22,0],[0,-6.2]],"v":[[0,-11.25],[11.25,0],[0,11.25],[-11.25,0]],"c":true},"ix":2},"nm":"Path 1","mn":"ADBE Vector Shape - Group","hd":false},{"ind":1,"ty":"sh","ix":2,"ks":{"a":0,"k":{"i":[[4.4,0.47],[0,0],[0,0],[0,0],[0.47,-4.41],[0,0],[0,0],[0,0],[-4.4,-0.469],[0,0],[0,0],[0,0],[-0.471,4.41],[0,0],[0,0],[0,0]],"o":[[0,0],[0,0],[0,0],[-4.4,0.47],[0,0],[0,0],[0,0],[0.47,4.41],[0,0],[0,0],[0,0],[4.4,-0.469],[0,0],[0,0],[0,0],[-0.471,-4.41]],"v":[[1.03,-9.42],[1.03,-5.12],[-1.03,-5.12],[-1.03,-9.42],[-9.41,-1.04],[-5.1,-1.04],[-5.1,1.01],[-9.41,1.01],[-1.03,9.399],[-1.03,5.09],[1.03,5.09],[1.03,9.399],[9.41,1.01],[5.1,1.01],[5.1,-1.04],[9.41,-1.04]],"c":true},"ix":2},"nm":"Path 2","mn":"ADBE Vector Shape - Group","hd":false},{"ty":"mm","mm":1,"nm":"Merge Paths 1","mn":"ADBE Vector Filter - Merge","hd":false},{"ty":"fl","c":{"a":0,"k":[1,1,1,1],"ix":4},"o":{"a":0,"k":100,"ix":5},"r":1,"bm":0,"nm":"Fill 1","mn":"ADBE Vector Graphic - Fill","hd":false},{"ty":"tr","p":{"a":0,"k":[15.25,15.25],"ix":2},"a":{"a":0,"k":[0,0],"ix":1},"s":{"a":0,"k":[100,100],"ix":3},"r":{"a":0,"k":0,"ix":6},"o":{"a":0,"k":100,"ix":7},"sk":{"a":0,"k":0,"ix":4},"sa":{"a":0,"k":0,"ix":5},"nm":"Transform"}],"nm":"Group 2","np":6,"cix":2,"bm":0,"ix":2,"mn":"ADBE Vector Group","hd":false},{"ty":"gr","it":[{"ind":0,"ty":"sh","ix":1,"ks":{"a":0,"k":{"i":[[-8.28,0],[0,-8.28],[8.28,0],[0,8.28]],"o":[[8.28,0],[0,8.28],[-8.28,0],[0,-8.28]],"v":[[0,-15],[15,0],[0,15],[-15,0]],"c":true},"ix":2},"nm":"Path 1","mn":"ADBE Vector Shape - Group","hd":false},{"ty":"fl","c":{"a":0,"k":[0.862745157878,0.882353001015,0.89019613827,1],"ix":4},"o":{"a":0,"k":100,"ix":5},"r":1,"bm":0,"nm":"Fill 1","mn":"ADBE Vector Graphic - Fill","hd":false},{"ty":"tr","p":{"a":0,"k":[15.25,15.25],"ix":2},"a":{"a":0,"k":[0,0],"ix":1},"s":{"a":0,"k":[100,100],"ix":3},"r":{"a":0,"k":0,"ix":6},"o":{"a":0,"k":100,"ix":7},"sk":{"a":0,"k":0,"ix":4},"sa":{"a":0,"k":0,"ix":5},"nm":"Transform"}],"nm":"Group 3","np":4,"cix":2,"bm":0,"ix":3,"mn":"ADBE Vector Group","hd":false}],"ip":0,"op":120,"st":0,"bm":0}],"markers":[]}