{
  "project_info": {
    "project_number": "683830173735",
    "project_id": "hi-messenger-f65ad",
    "storage_bucket": "hi-messenger-f65ad.appspot.com"
  },
  "client": [
    {
      "client_info": {
        "mobilesdk_app_id": "1:683830173735:android:916a2fff21df86f7a6ee02",
        "android_client_info": {
          "package_name": "com.example.whatsapp"
        }
      },
      "oauth_client": [
        {
          "client_id": "683830173735-km7gf6k7d8mq869m0ohn2o03hchjc98e.apps.googleusercontent.com",
          "client_type": 3
        }
      ],
      "api_key": [
        {
          "current_key": "AIzaSyBdnqCtfMymACdRudoG2yubMwwt2-K_Nt8"
        }
      ],
      "services": {
        "appinvite_service": {
          "other_platform_oauth_client": [
            {
              "client_id": "683830173735-km7gf6k7d8mq869m0ohn2o03hchjc98e.apps.googleusercontent.com",
              "client_type": 3
            }
          ]
        }
      }
    }
  ],
  "configuration_version": "1"
}