{
  "project_info": {
    "project_number": "217819276128",
    "project_id": "socprovider",
    "storage_bucket": "socprovider.appspot.com"
  },
  "client": [
    {
      "client_info": {
        "mobilesdk_app_id": "1:217819276128:android:800455f48a522a370f7405",
        "android_client_info": {
          "package_name": "com.socspl.provider"
        }
      },
      "oauth_client": [
        {
          "client_id": "217819276128-kpsr663jteoep0nlto9r666kv3dm91kv.apps.googleusercontent.com",
          "client_type": 3
        }
      ],
      "api_key": [
        {
          "current_key": "AIzaSyA2H4VXovs2SqNbavYom9-IIcQklDm-1FE"
        }
      ],
      "services": {
        "appinvite_service": {
          "other_platform_oauth_client": [
            {
              "client_id": "217819276128-kpsr663jteoep0nlto9r666kv3dm91kv.apps.googleusercontent.com",
              "client_type": 3
            }
          ]
        }
      }
    }
  ],
  "configuration_version": "1"
}